Workbook

Sheet State_Water_Bodies
A1: India Water Quality and Resource Monitoring - Water Bodies Registry
A2: State-wise inventory of monitored reservoirs, ponds, and hydrological network stations (2021-2026)
A4: Year | B4: State | C4: Region | D4: District | E4: Water Body Type | F4: Water Body Name | G4: Water Body ID | H4: Area (Sqkm) | I4: Storage Capacity (T.M.C.) | J4: Monitoring Sites | K4: Source
A5: 2021 | B5: Andhra Pradesh | C5: Rayalaseema | D5: Nandyal | E5: Reservoir (Major) | F5: Srisailam Reservoir | G5: AP-RES-001 | H5: - | I5: 215.81 | J5: 1 | K5: APWRIMS Portal
A6: 2021 | B6: Andhra Pradesh | C6: Rayalaseema | D6: Palnadu | E6: Reservoir (Major) | F6: Nagarjuna Sagar | G6: AP-RES-002 | H6: - | I6: 312.05 | J6: 1 | K6: APWRIMS Portal
A7: 2021 | B7: Andhra Pradesh | C7: Rayalaseema | D7: Sri Potti Sriramulu Nellore | E7: Reservoir (Major) | F7: Somasila Reservoir | G7: AP-RES-003 | H7: - | I7: 78 | J7: 1 | K7: APWRIMS Portal
A8: 2021 | B8: Andhra Pradesh | C8: Rayalaseema | D8: Sri Potti Sriramulu Nellore | E8: Reservoir (Major) | F8: Kandaleru Reservoir | G8: AP-RES-004 | H8: - | I8: 68.03 | J8: 1 | K8: APWRIMS Portal
A9: 2021 | B9: Andhra Pradesh | C9: Rayalaseema | D9: Y.S.R Kadapa | E9: Reservoir (Major) | F9: Brahmamsagar Reservoir | G9: AP-RES-005 | H9: - | I9: 17.74 | J9: 1 | K9: APWRIMS Portal
A10: 2021 | B10: Andhra Pradesh | C10: Coastal Andhra | D10: Alluri Sitharama Raju | E10: Reservoir (Major) | F10: Donkarayi Reservoir | G10: AP-RES-006 | H10: - | I10: 16.51 | J10: 1 | K10: APWRIMS Portal
A11: 2021 | B11: Andhra Pradesh | C11: Rayalaseema | D11: Y.S.R Kadapa | E11: Reservoir (Major) | F11: Gandikota Reservoir | G11: AP-RES-007 | H11: - | I11: 26.85 | J11: 1 | K11: APWRIMS Portal
A12: 2021 | B12: Haryana | C12: North | D12: All Districts | E12: Pond Authority Network | F12: Government Ponds | G12: HR-PND-001 | H12: - | I12: - | J12: 13722 | K12: OneMap Haryana SWIC
A13: 2021 | B13: Haryana | C13: North | D13: All Districts | E13: Pond Authority Network | F13: Private Ponds | G13: HR-PND-002 | H13: - | I13: - | J13: 6139 | K13: OneMap Haryana SWIC
A14: 2021 | B14: Haryana | C14: North | D14: All Districts | E14: Pond Authority Network | F14: Other & Historic Ponds | G14: HR-PND-003 | H14: - | I14: - | J14: 10574 | K14: OneMap Haryana SWIC
A15: 2021 | B15: Odisha | C15: East | D15: State-wide | E15: Groundwater Station Network | F15: CGWB Monitoring Wells | G15: OD-GW-ALL | H15: - | I15: - | J15: 789 | K15: Odisha SWIC Dashboard
A16: 2021 | B16: Odisha | C16: East | D16: State-wide | E16: Surface Station Network | F16: Central River Gauges | G16: OD-SW-ALL | H16: - | I16: - | J16: 205 | K16: Odisha SWIC Dashboard
A17: 2021 | B17: Odisha | C17: East | D17: State-wide | E17: SCADA Systems | F17: Reservoir Automation | G17: OD-SCA-ALL | H17: - | I17: - | J17: 2 | K17: Odisha SWIC Dashboard
A18: 2021 | B18: Uttarakhand | C18: North | D18: State-wide | E18: CPCB Main-stem Stations | F18: River Ganga Stations | G18: UT-GNG-ALL | H18: - | I18: - | J18: 15 | K18: CPCB Dashboard
A19: 2021 | B19: Uttar Pradesh | C19: North | D19: State-wide | E19: CPCB Main-stem Stations | F19: River Ganga Stations | G19: UP-GNG-ALL | H19: - | I19: - | J19: 30 | K19: CPCB Dashboard
A20: 2021 | B20: Bihar | C20: East | D20: State-wide | E20: CPCB Main-stem Stations | F20: River Ganga Stations | G20: BH-GNG-ALL | H20: - | I20: - | J20: 24 | K20: CPCB Dashboard
A21: 2021 | B21: Jharkhand | C21: East | D21: State-wide | E21: CPCB Main-stem Stations | F21: River Ganga Stations | G21: JH-GNG-ALL | H21: - | I21: - | J21: 3 | K21: CPCB Dashboard
A22: 2021 | B22: West Bengal | C22: East | D22: State-wide | E22: CPCB Main-stem Stations | F22: River Ganga Stations | G22: WB-GNG-ALL | H22: - | I22: - | J22: 11 | K22: CPCB Dashboard
A23: 2022 | B23: Andhra Pradesh | C23: Rayalaseema | D23: Nandyal | E23: Reservoir (Major) | F23: Srisailam Reservoir | G23: AP-RES-001 | H23: - | I23: 215.81 | J23: 1 | K23: APWRIMS Portal
A24: 2022 | B24: Andhra Pradesh | C24: Rayalaseema | D24: Palnadu | E24: Reservoir (Major) | F24: Nagarjuna Sagar | G24: AP-RES-002 | H24: - | I24: 312.05 | J24: 1 | K24: APWRIMS Portal
A25: 2022 | B25: Andhra Pradesh | C25: Rayalaseema | D25: Sri Potti Sriramulu Nellore | E25: Reservoir (Major) | F25: Somasila Reservoir | G25: AP-RES-003 | H25: - | I25: 78 | J25: 1 | K25: APWRIMS Portal
A26: 2022 | B26: Andhra Pradesh | C26: Rayalaseema | D26: Sri Potti Sriramulu Nellore | E26: Reservoir (Major) | F26: Kandaleru Reservoir | G26: AP-RES-004 | H26: - | I26: 68.03 | J26: 1 | K26: APWRIMS Portal
A27: 2022 | B27: Andhra Pradesh | C27: Rayalaseema | D27: Y.S.R Kadapa | E27: Reservoir (Major) | F27: Brahmamsagar Reservoir | G27: AP-RES-005 | H27: - | I27: 17.74 | J27: 1 | K27: APWRIMS Portal
A28: 2022 | B28: Andhra Pradesh | C28: Coastal Andhra | D28: Alluri Sitharama Raju | E28: Reservoir (Major) | F28: Donkarayi Reservoir | G28: AP-RES-006 | H28: - | I28: 16.51 | J28: 1 | K28: APWRIMS Portal
A29: 2022 | B29: Andhra Pradesh | C29: Rayalaseema | D29: Y.S.R Kadapa | E29: Reservoir (Major) | F29: Gandikota Reservoir | G29: AP-RES-007 | H29: - | I29: 26.85 | J29: 1 | K29: APWRIMS Portal
A30: 2022 | B30: Haryana | C30: North | D30: All Districts | E30: Pond Authority Network | F30: Government Ponds | G30: HR-PND-001 | H30: - | I30: - | J30: 15162 | K30: OneMap Haryana SWIC
A31: 2022 | B31: Haryana | C31: North | D31: All Districts | E31: Pond Authority Network | F31: Private Ponds | G31: HR-PND-002 | H31: - | I31: - | J31: 6733 | K31: OneMap Haryana SWIC
A32: 2022 | B32: Haryana | C32: North | D32: All Districts | E32: Pond Authority Network | F32: Other & Historic Ponds | G32: HR-PND-003 | H32: - | I32: - | J32: 11634 | K32: OneMap Haryana SWIC
A33: 2022 | B33: Odisha | C33: East | D33: State-wide | E33: Groundwater Station Network | F33: CGWB Monitoring Wells | G33: OD-GW-ALL | H33: - | I33: - | J33: 876 | K33: Odisha SWIC Dashboard
A34: 2022 | B34: Odisha | C34: East | D34: State-wide | E34: Surface Station Network | F34: Central River Gauges | G34: OD-SW-ALL | H34: - | I34: - | J34: 217 | K34: Odisha SWIC Dashboard
A35: 2022 | B35: Odisha | C35: East | D35: State-wide | E35: SCADA Systems | F35: Reservoir Automation | G35: OD-SCA-ALL | H35: - | I35: - | J35: 3 | K35: Odisha SWIC Dashboard
A36: 2022 | B36: Uttarakhand | C36: North | D36: State-wide | E36: CPCB Main-stem Stations | F36: River Ganga Stations | G36: UT-GNG-ALL | H36: - | I36: - | J36: 15 | K36: CPCB Dashboard
A37: 2022 | B37: Uttar Pradesh | C37: North | D37: State-wide | E37: CPCB Main-stem Stations | F37: River Ganga Stations | G37: UP-GNG-ALL | H37: - | I37: - | J37: 33 | K37: CPCB Dashboard
A38: 2022 | B38: Bihar | C38: East | D38: State-wide | E38: CPCB Main-stem Stations | F38: River Ganga Stations | G38: BH-GNG-ALL | H38: - | I38: - | J38: 26 | K38: CPCB Dashboard
A39: 2022 | B39: Jharkhand | C39: East | D39: State-wide | E39: CPCB Main-stem Stations | F39: River Ganga Stations | G39: JH-GNG-ALL | H39: - | I39: - | J39: 3 | K39: CPCB Dashboard
A40: 2022 | B40: West Bengal | C40: East | D40: State-wide | E40: CPCB Main-stem Stations | F40: River Ganga Stations | G40: WB-GNG-ALL | H40: - | I40: - | J40: 12 | K40: CPCB Dashboard
A41: 2023 | B41: Andhra Pradesh | C41: Rayalaseema | D41: Nandyal | E41: Reservoir (Major) | F41: Srisailam Reservoir | G41: AP-RES-001 | H41: - | I41: 215.81 | J41: 1 | K41: APWRIMS Portal
A42: 2023 | B42: Andhra Pradesh | C42: Rayalaseema | D42: Palnadu | E42: Reservoir (Major) | F42: Nagarjuna Sagar | G42: AP-RES-002 | H42: - | I42: 312.05 | J42: 1 | K42: APWRIMS Portal
A43: 2023 | B43: Andhra Pradesh | C43: Rayalaseema | D43: Sri Potti Sriramulu Nellore | E43: Reservoir (Major) | F43: Somasila Reservoir | G43: AP-RES-003 | H43: - | I43: 78 | J43: 1 | K43: APWRIMS Portal
A44: 2023 | B44: Andhra Pradesh | C44: Rayalaseema | D44: Sri Potti Sriramulu Nellore | E44: Reservoir (Major) | F44: Kandaleru Reservoir | G44: AP-RES-004 | H44: - | I44: 68.03 | J44: 1 | K44: APWRIMS Portal
A45: 2023 | B45: Andhra Pradesh | C45: Rayalaseema | D45: Y.S.R Kadapa | E45: Reservoir (Major) | F45: Brahmamsagar Reservoir | G45: AP-RES-005 | H45: - | I45: 17.74 | J45: 1 | K45: APWRIMS Portal
A46: 2023 | B46: Andhra Pradesh | C46: Coastal Andhra | D46: Alluri Sitharama Raju | E46: Reservoir (Major) | F46: Donkarayi Reservoir | G46: AP-RES-006 | H46: - | I46: 16.51 | J46: 1 | K46: APWRIMS Portal
A47: 2023 | B47: Andhra Pradesh | C47: Rayalaseema | D47: Y.S.R Kadapa | E47: Reservoir (Major) | F47: Gandikota Reservoir | G47: AP-RES-007 | H47: - | I47: 26.85 | J47: 1 | K47: APWRIMS Portal
A48: 2023 | B48: Haryana | C48: North | D48: All Districts | E48: Pond Authority Network | F48: Government Ponds | G48: HR-PND-001 | H48: - | I48: - | J48: 16150 | K48: OneMap Haryana SWIC
A49: 2023 | B49: Haryana | C49: North | D49: All Districts | E49: Pond Authority Network | F49: Private Ponds | G49: HR-PND-002 | H49: - | I49: - | J49: 7309 | K49: OneMap Haryana SWIC
A50: 2023 | B50: Haryana | C50: North | D50: All Districts | E50: Pond Authority Network | F50: Other & Historic Ponds | G50: HR-PND-003 | H50: - | I50: - | J50: 11982 | K50: OneMap Haryana SWIC
A51: 2023 | B51: Odisha | C51: East | D51: State-wide | E51: Groundwater Station Network | F51: CGWB Monitoring Wells | G51: OD-GW-ALL | H51: - | I51: - | J51: 925 | K51: Odisha SWIC Dashboard
A52: 2023 | B52: Odisha | C52: East | D52: State-wide | E52: Surface Station Network | F52: Central River Gauges | G52: OD-SW-ALL | H52: - | I52: - | J52: 238 | K52: Odisha SWIC Dashboard
A53: 2023 | B53: Odisha | C53: East | D53: State-wide | E53: SCADA Systems | F53: Reservoir Automation | G53: OD-SCA-ALL | H53: - | I53: - | J53: 3 | K53: Odisha SWIC Dashboard
A54: 2023 | B54: Uttarakhand | C54: North | D54: State-wide | E54: CPCB Main-stem Stations | F54: River Ganga Stations | G54: UT-GNG-ALL | H54: - | I54: - | J54: 17 | K54: CPCB Dashboard
A55: 2023 | B55: Uttar Pradesh | C55: North | D55: State-wide | E55: CPCB Main-stem Stations | F55: River Ganga Stations | G55: UP-GNG-ALL | H55: - | I55: - | J55: 36 | K55: CPCB Dashboard
A56: 2023 | B56: Bihar | C56: East | D56: State-wide | E56: CPCB Main-stem Stations | F56: River Ganga Stations | G56: BH-GNG-ALL | H56: - | I56: - | J56: 29 | K56: CPCB Dashboard
A57: 2023 | B57: Jharkhand | C57: East | D57: State-wide | E57: CPCB Main-stem Stations | F57: River Ganga Stations | G57: JH-GNG-ALL | H57: - | I57: - | J57: 4 | K57: CPCB Dashboard
A58: 2023 | B58: West Bengal | C58: East | D58: State-wide | E58: CPCB Main-stem Stations | F58: River Ganga Stations | G58: WB-GNG-ALL | H58: - | I58: - | J58: 13 | K58: CPCB Dashboard
A59: 2024 | B59: Andhra Pradesh | C59: Rayalaseema | D59: Nandyal | E59: Reservoir (Major) | F59: Srisailam Reservoir | G59: AP-RES-001 | H59: - | I59: 215.81 | J59: 1 | K59: APWRIMS Portal
A60: 2024 | B60: Andhra Pradesh | C60: Rayalaseema | D60: Palnadu | E60: Reservoir (Major) | F60: Nagarjuna Sagar | G60: AP-RES-002 | H60: - | I60: 312.05 | J60: 1 | K60: APWRIMS Portal
A61: 2024 | B61: Andhra Pradesh | C61: Rayalaseema | D61: Sri Potti Sriramulu Nellore | E61: Reservoir (Major) | F61: Somasila Reservoir | G61: AP-RES-003 | H61: - | I61: 78 | J61: 1 | K61: APWRIMS Portal
A62: 2024 | B62: Andhra Pradesh | C62: Rayalaseema | D62: Sri Potti Sriramulu Nellore | E62: Reservoir (Major) | F62: Kandaleru Reservoir | G62: AP-RES-004 | H62: - | I62: 68.03 | J62: 1 | K62: APWRIMS Portal
A63: 2024 | B63: Andhra Pradesh | C63: Rayalaseema | D63: Y.S.R Kadapa | E63: Reservoir (Major) | F63: Brahmamsagar Reservoir | G63: AP-RES-005 | H63: - | I63: 17.74 | J63: 1 | K63: APWRIMS Portal
A64: 2024 | B64: Andhra Pradesh | C64: Coastal Andhra | D64: Alluri Sitharama Raju | E64: Reservoir (Major) | F64: Donkarayi Reservoir | G64: AP-RES-006 | H64: - | I64: 16.51 | J64: 1 | K64: APWRIMS Portal
A65: 2024 | B65: Andhra Pradesh | C65: Rayalaseema | D65: Y.S.R Kadapa | E65: Reservoir (Major) | F65: Gandikota Reservoir | G65: AP-RES-007 | H65: - | I65: 26.85 | J65: 1 | K65: APWRIMS Portal
A66: 2024 | B66: Haryana | C66: North | D66: All Districts | E66: Pond Authority Network | F66: Government Ponds | G66: HR-PND-001 | H66: - | I66: - | J66: 17673 | K66: OneMap Haryana SWIC
A67: 2024 | B67: Haryana | C67: North | D67: All Districts | E67: Pond Authority Network | F67: Private Ponds | G67: HR-PND-002 | H67: - | I67: - | J67: 7496 | K67: OneMap Haryana SWIC
A68: 2024 | B68: Haryana | C68: North | D68: All Districts | E68: Pond Authority Network | F68: Other & Historic Ponds | G68: HR-PND-003 | H68: - | I68: - | J68: 13235 | K68: OneMap Haryana SWIC
A69: 2024 | B69: Odisha | C69: East | D69: State-wide | E69: Groundwater Station Network | F69: CGWB Monitoring Wells | G69: OD-GW-ALL | H69: - | I69: - | J69: 1003 | K69: Odisha SWIC Dashboard
A70: 2024 | B70: Odisha | C70: East | D70: State-wide | E70: Surface Station Network | F70: Central River Gauges | G70: OD-SW-ALL | H70: - | I70: - | J70: 244 | K70: Odisha SWIC Dashboard
A71: 2024 | B71: Odisha | C71: East | D71: State-wide | E71: SCADA Systems | F71: Reservoir Automation | G71: OD-SCA-ALL | H71: - | I71: - | J71: 3 | K71: Odisha SWIC Dashboard
A72: 2024 | B72: Uttarakhand | C72: North | D72: State-wide | E72: CPCB Main-stem Stations | F72: River Ganga Stations | G72: UT-GNG-ALL | H72: - | I72: - | J72: 18 | K72: CPCB Dashboard
A73: 2024 | B73: Uttar Pradesh | C73: North | D73: State-wide | E73: CPCB Main-stem Stations | F73: River Ganga Stations | G73: UP-GNG-ALL | H73: - | I73: - | J73: 39 | K73: CPCB Dashboard
A74: 2024 | B74: Bihar | C74: East | D74: State-wide | E74: CPCB Main-stem Stations | F74: River Ganga Stations | G74: BH-GNG-ALL | H74: - | I74: - | J74: 31 | K74: CPCB Dashboard
A75: 2024 | B75: Jharkhand | C75: East | D75: State-wide | E75: CPCB Main-stem Stations | F75: River Ganga Stations | G75: JH-GNG-ALL | H75: - | I75: - | J75: 4 | K75: CPCB Dashboard
A76: 2024 | B76: West Bengal | C76: East | D76: State-wide | E76: CPCB Main-stem Stations | F76: River Ganga Stations | G76: WB-GNG-ALL | H76: - | I76: - | J76: 14 | K76: CPCB Dashboard
A77: 2025 | B77: Andhra Pradesh | C77: Rayalaseema | D77: Nandyal | E77: Reservoir (Major) | F77: Srisailam Reservoir | G77: AP-RES-001 | H77: - | I77: 215.81 | J77: 1 | K77: APWRIMS Portal
A78: 2025 | B78: Andhra Pradesh | C78: Rayalaseema | D78: Palnadu | E78: Reservoir (Major) | F78: Nagarjuna Sagar | G78: AP-RES-002 | H78: - | I78: 312.05 | J78: 1 | K78: APWRIMS Portal
A79: 2025 | B79: Andhra Pradesh | C79: Rayalaseema | D79: Sri Potti Sriramulu Nellore | E79: Reservoir (Major) | F79: Somasila Reservoir | G79: AP-RES-003 | H79: - | I79: 78 | J79: 1 | K79: APWRIMS Portal
A80: 2025 | B80: Andhra Pradesh | C80: Rayalaseema | D80: Sri Potti Sriramulu Nellore | E80: Reservoir (Major) | F80: Kandaleru Reservoir | G80: AP-RES-004 | H80: - | I80: 68.03 | J80: 1 | K80: APWRIMS Portal
A81: 2025 | B81: Andhra Pradesh | C81: Rayalaseema | D81: Y.S.R Kadapa | E81: Reservoir (Major) | F81: Brahmamsagar Reservoir | G81: AP-RES-005 | H81: - | I81: 17.74 | J81: 1 | K81: APWRIMS Portal
A82: 2025 | B82: Andhra Pradesh | C82: Coastal Andhra | D82: Alluri Sitharama Raju | E82: Reservoir (Major) | F82: Donkarayi Reservoir | G82: AP-RES-006 | H82: - | I82: 16.51 | J82: 1 | K82: APWRIMS Portal
A83: 2025 | B83: Andhra Pradesh | C83: Rayalaseema | D83: Y.S.R Kadapa | E83: Reservoir (Major) | F83: Gandikota Reservoir | G83: AP-RES-007 | H83: - | I83: 26.85 | J83: 1 | K83: APWRIMS Portal
A84: 2025 | B84: Haryana | C84: North | D84: All Districts | E84: Pond Authority Network | F84: Government Ponds | G84: HR-PND-001 | H84: - | I84: - | J84: 18681 | K84: OneMap Haryana SWIC
A85: 2025 | B85: Haryana | C85: North | D85: All Districts | E85: Pond Authority Network | F85: Private Ponds | G85: HR-PND-002 | H85: - | I85: - | J85: 8107 | K85: OneMap Haryana SWIC
A86: 2025 | B86: Haryana | C86: North | D86: All Districts | E86: Pond Authority Network | F86: Other & Historic Ponds | G86: HR-PND-003 | H86: - | I86: - | J86: 13487 | K86: OneMap Haryana SWIC
A87: 2025 | B87: Odisha | C87: East | D87: State-wide | E87: Groundwater Station Network | F87: CGWB Monitoring Wells | G87: OD-GW-ALL | H87: - | I87: - | J87: 1024 | K87: Odisha SWIC Dashboard
A88: 2025 | B88: Odisha | C88: East | D88: State-wide | E88: Surface Station Network | F88: Central River Gauges | G88: OD-SW-ALL | H88: - | I88: - | J88: 263 | K88: Odisha SWIC Dashboard
A89: 2025 | B89: Odisha | C89: East | D89: State-wide | E89: SCADA Systems | F89: Reservoir Automation | G89: OD-SCA-ALL | H89: - | I89: - | J89: 3 | K89: Odisha SWIC Dashboard
A90: 2025 | B90: Uttarakhand | C90: North | D90: State-wide | E90: CPCB Main-stem Stations | F90: River Ganga Stations | G90: UT-GNG-ALL | H90: - | I90: - | J90: 18 | K90: CPCB Dashboard
A91: 2025 | B91: Uttar Pradesh | C91: North | D91: State-wide | E91: CPCB Main-stem Stations | F91: River Ganga Stations | G91: UP-GNG-ALL | H91: - | I91: - | J91: 41 | K91: CPCB Dashboard
A92: 2025 | B92: Bihar | C92: East | D92: State-wide | E92: CPCB Main-stem Stations | F92: River Ganga Stations | G92: BH-GNG-ALL | H92: - | I92: - | J92: 31 | K92: CPCB Dashboard
A93: 2025 | B93: Jharkhand | C93: East | D93: State-wide | E93: CPCB Main-stem Stations | F93: River Ganga Stations | G93: JH-GNG-ALL | H93: - | I93: - | J93: 4 | K93: CPCB Dashboard
A94: 2025 | B94: West Bengal | C94: East | D94: State-wide | E94: CPCB Main-stem Stations | F94: River Ganga Stations | G94: WB-GNG-ALL | H94: - | I94: - | J94: 15 | K94: CPCB Dashboard
A95: 2026 | B95: Andhra Pradesh | C95: Rayalaseema | D95: Nandyal | E95: Reservoir (Major) | F95: Srisailam Reservoir | G95: AP-RES-001 | H95: - | I95: 215.81 | J95: 1 | K95: APWRIMS Portal
A96: 2026 | B96: Andhra Pradesh | C96: Rayalaseema | D96: Palnadu | E96: Reservoir (Major) | F96: Nagarjuna Sagar | G96: AP-RES-002 | H96: - | I96: 312.05 | J96: 1 | K96: APWRIMS Portal
A97: 2026 | B97: Andhra Pradesh | C97: Rayalaseema | D97: Sri Potti Sriramulu Nellore | E97: Reservoir (Major) | F97: Somasila Reservoir | G97: AP-RES-003 | H97: - | I97: 78 | J97: 1 | K97: APWRIMS Portal
A98: 2026 | B98: Andhra Pradesh | C98: Rayalaseema | D98: Sri Potti Sriramulu Nellore | E98: Reservoir (Major) | F98: Kandaleru Reservoir | G98: AP-RES-004 | H98: - | I98: 68.03 | J98: 1 | K98: APWRIMS Portal
A99: 2026 | B99: Andhra Pradesh | C99: Rayalaseema | D99: Y.S.R Kadapa | E99: Reservoir (Major) | F99: Brahmamsagar Reservoir | G99: AP-RES-005 | H99: - | I99: 17.74 | J99: 1 | K99: APWRIMS Portal
A100: 2026 | B100: Andhra Pradesh | C100: Coastal Andhra | D100: Alluri Sitharama Raju | E100: Reservoir (Major) | F100: Donkarayi Reservoir | G100: AP-RES-006 | H100: - | I100: 16.51 | J100: 1 | K100: APWRIMS Portal
A101: 2026 | B101: Andhra Pradesh | C101: Rayalaseema | D101: Y.S.R Kadapa | E101: Reservoir (Major) | F101: Gandikota Reservoir | G101: AP-RES-007 | H101: - | I101: 26.85 | J101: 1 | K101: APWRIMS Portal
...

Sheet Water_Quality
A1: India Water Quality Monitoring - Ground and Surface Water Sample Analysis
A2: Physical and chemical water quality measurements from CPCB real-time stations and CGWB district monitoring
A4: Year | B4: Monitoring Date | C4: State | D4: District | E4: Water Body Name | F4: Water Body ID | G4: Water Body Type | H4: Parameter | I4: Value | J4: Unit | K4: Standard Limit | L4: Quality Status | M4: Source
A5: 2021 | B5: 2021-08-28 | C5: Bihar | D5: Buxar | E5: River Ganga at Chausa | F5: BH72 | G5: River | H5: pH | I5: 7.28 | J5: SU | K5: 6.5-8.5 | L5: Within Limits | M5: CPCB Dashboard
A6: 2021 | B6: 2021-08-28 | C6: Bihar | D6: Buxar | E6: River Ganga at Chausa | F6: BH72 | G6: River | H6: Dissolved Oxygen (DO) | I6: 4.2 | J6: mg/l | K6: >= 4.0 | L6: Within Limits | M6: CPCB Dashboard
A7: 2021 | B7: 2021-08-28 | C7: Bihar | D7: Buxar | E7: River Ganga at Chausa | F7: BH72 | G7: River | H7: Biochemical Oxygen Demand (BOD) | I7: 3.3 | J7: mg/l | K7: <= 3.0 | L7: Critical Exceedance | M7: CPCB Dashboard
A8: 2021 | B8: 2021-08-28 | C8: Bihar | D8: Buxar | E8: River Ganga at Chausa | F8: BH72 | G8: River | H8: Chemical Oxygen Demand (COD) | I8: 15.72 | J8: mg/l | K8: <= 25.0 | L8: Within Limits | M8: CPCB Dashboard
A9: 2021 | B9: 2020-08-10 | C9: Andhra Pradesh | D9: Y.S.R Kadapa | E9: District Aquifers | F9: AP-GW-001 | G9: Groundwater | H9: Nitrate | I9: 2081.236 | J9: mg/L | K9: <= 45 | L9: Critical Exceedance | M9: CGWB Report
A10: 2021 | B10: 2020-08-10 | C10: Telangana | D10: Nagarkurnool | E10: District Aquifers | F10: TG-GW-001 | G10: Groundwater | H10: Nitrate | I10: 2098.952 | J10: mg/L | K10: <= 45 | L10: Critical Exceedance | M10: CGWB Report
A11: 2021 | B11: 2020-08-10 | C11: Karnataka | D11: Chitradurga | E11: District Aquifers | F11: KA-GW-001 | G11: Groundwater | H11: Nitrate | I11: 1972.735 | J11: mg/L | K11: <= 45 | L11: Critical Exceedance | M11: CGWB Report
A12: 2021 | B12: 2020-08-10 | C12: Rajasthan | D12: Churu | E12: District Aquifers | F12: RJ-GW-001 | G12: Groundwater | H12: Nitrate | I12: 1248.06 | J12: mg/L | K12: <= 45 | L12: Critical Exceedance | M12: CGWB Report
A13: 2021 | B13: 2020-08-10 | C13: West Bengal | D13: Nadia | E13: District Aquifers | F13: WB-GW-001 | G13: Groundwater | H13: Arsenic | I13: 328.877 | J13: ppb | K13: <= 10 | L13: Critical Exceedance | M13: CGWB Report
A14: 2021 | B14: 2020-08-10 | C14: West Bengal | D14: Murshidabad | E14: District Aquifers | F14: WB-GW-002 | G14: Groundwater | H14: Arsenic | I14: 270.447 | J14: ppb | K14: <= 10 | L14: Critical Exceedance | M14: CGWB Report
A15: 2021 | B15: 2020-08-10 | C15: Bihar | D15: Buxar | E15: District Aquifers | F15: BH-GW-001 | G15: Groundwater | H15: Arsenic | I15: 310.539 | J15: ppb | K15: <= 10 | L15: Critical Exceedance | M15: CGWB Report
A16: 2021 | B16: 2020-08-10 | C16: Haryana | D16: Sirsa | E16: District Aquifers | F16: HR-GW-001 | G16: Groundwater | H16: Fluoride | I16: 19.871 | J16: mg/L | K16: <= 1.5 | L16: Critical Exceedance | M16: CGWB Report
... A118: 2026 | B118: 2025-08-10 | C118: Tamil Nadu | D118: Pudukkottai | E118: District Aquifers | F118: TN-GW-001 | G118: Groundwater | H118: Zinc | I118: 58.622 | J118: mg/L | K118: <= 15.0 | L118: Critical Exceedance | M118: CGWB Report

Sheet State_Quality_Summary
A1: India State-wise Water Quality Summary
A2: Consolidated average water chemistry indices and official sample testing performance statistics (2021-2026)
A4: Year | B4: State | C4: Region | D4: Water Body Type | E4: Monitoring Sites | F4: Average pH | G4: Average DO (mg/l) | H4: Average BOD (mg/l) | I4: Average COD (mg/l) | J4: Average TDS (mg/l) | K4: Average Turbidity (NTU) | L4: Good Sites (Tested) | M4: Moderate Sites | N4: Poor Sites (Contaminated) | O4: Critical Sites | P4: Overall Status
A5: 2021 | B5: Andaman & Nicobar Islands | C5: UT | D5: Drinking Water Sources | E5: 9 | F5: 7.08 | G5: 6.96 | H5: 1.24 | I5: 5.65 | J5: 245.55 | K5: 1.77 | L5: 399 | M5: 0 | N5: 1 | O5: 0 | P5: Safe (0.25% Contam.)
A6: 2021 | B6: Andhra Pradesh | C6: South | D6: Drinking Water Sources | E6: 107 | F6: 7.17 | G6: 6.73 | H6: 1.16 | I6: 5.45 | J6: 245.78 | K6: 1.84 | L6: 44706 | M6: 0 | N6: 0 | O6: 0 | P6: Excellent (Zero Lab Contam.)
A7: 2021 | B7: Arunachal Pradesh | C7: North East | D7: Drinking Water Sources | E7: 30 | F7: 7.1 | G7: 6.68 | H7: 1.22 | I7: 5.18 | J7: 248.2 | K7: 1.77 | L7: 18440 | M7: 0 | N7: 0 | O7: 0 | P7: Excellent (Zero Lab Contam.)
A8: 2021 | B8: Assam | C8: North East | D8: Drinking Water Sources | E8: 69 | F8: 7.1 | G8: 6.85 | H8: 1.24 | I8: 5.41 | J8: 243.35 | K8: 1.87 | L8: 41850 | M8: 0 | N8: 329 | O8: 0 | P8: Safe (0.78% Contam.)
A9: 2021 | B9: Bihar | C9: East | D9: Drinking Water Sources | E9: 97 | F9: 7.38 | G9: 5.23 | H9: 2.79 | I9: 11.77 | J9: 133.12 | K9: 174.94 | L9: 34993 | M9: 0 | N9: 7 | O9: 0 | P9: Safe (0.02% Contam.)
A10: 2021 | B10: Chhattisgarh | C10: Central | D10: Drinking Water Sources | E10: 65 | F10: 7.14 | G10: 6.74 | H10: 1.14 | I10: 5.6 | J10: 256.7 | K10: 1.8 | L10: 21092 | M10: 0 | N10: 19 | O10: 0 | P10: Safe (0.09% Contam.)
A11: 2021 | B11: Dadra & Nagar Haveli And Daman & Diu | C11: UT | D11: Drinking Water Sources | E11: 2 | F11: 7.14 | G11: 6.63 | H11: 1.23 | I11: 5.42 | J11: 252.05 | K11: 1.75 | L11: 0 | M11: 0 | N11: 0 | O11: 0 | P11: Excellent (Zero Lab Contam.)
A12: 2021 | B12: Goa | C12: West | D12: Drinking Water Sources | E12: 19 | F12: 7.07 | G12: 6.94 | H12: 1.21 | I12: 5.75 | J12: 244.59 | K12: 1.87 | L12: 466 | M12: 0 | N12: 3 | O12: 0 | P12: Safe (0.64% Contam.)
A13: 2021 | B13: Gujarat | C13: West | D13: Drinking Water Sources | E13: 333 | F13: 7.15 | G13: 6.9 | H13: 1.26 | I13: 5.79 | J13: 255.03 | K13: 1.84 | L13: 80900 | M13: 0 | N13: 276 | O13: 0 | P13: Safe (0.34% Contam.)
A14: 2021 | B14: Haryana | C14: North | D14: Drinking Water Sources | E14: 36 | F14: 7.05 | G14: 6.85 | H14: 1.16 | I14: 5.25 | J14: 254.1 | K14: 1.78 | L14: 11614 | M14: 0 | N14: 1279 | O14: 0 | P14: Poor Quality (9.92%)
A15: 2021 | B15: Himachal Pradesh | C15: North | D15: Drinking Water Sources | E15: 67 | F15: 7.05 | G15: 6.76 | H15: 1.25 | I15: 5.41 | J15: 253.88 | K15: 1.77 | L15: 56912 | M15: 0 | N15: 0 | O15: 0 | P15: Excellent (Zero Lab Contam.)
A16: 2021 | B16: Jammu & Kashmir | C16: North | D16: Drinking Water Sources | E16: 80 | F16: 7.13 | G16: 6.79 | H16: 1.22 | I16: 5.72 | J16: 246.16 | K16: 1.77 | L16: 75661 | M16: 0 | N16: 53 | O16: 0 | P16: Safe (0.07% Contam.)
... A208: 2026 | B208: West Bengal | C208: East | D208: Drinking Water Sources | E208: 241 | F208: 7.1 | G208: 6.8 | H208: 1.2 | I208: 5.4 | J208: 250 | K208: 1.8 | L208: 76977 | M208: 0 | N208: 18268 | O208: 0 | P208: Poor Quality (19.18%)
B209: Grand Total | E209: =SUM(E5:E208) -> 15554 | L209: =SUM(L5:L208) -> 12155170 | N209: =SUM(N5:N208) -> 277018

Sheet State_Intelligence
A1: India Water Resources State Intelligence Profile
A2: Strategic dashboard mapping regional assets, monitoring footprints, and chemical compliance percentiles (2021-2026)
A4: Year | B4: State | C4: Region | D4: Total Water Bodies | E4: Total Ponds | F4: Total Rivers | G4: Total Lakes | H4: Total Reservoirs | I4: Monitoring Sites | J4: Good Quality % | K4: Moderate Quality % | L4: Poor Quality % | M4: Critical Quality % | N4: Overall Water Quality Status
A5: 2021 | B5: Andaman & Nicobar Islands | C5: UT | D5: - | E5: - | F5: - | G5: - | H5: - | I5: 9 | J5: =IF(SUM(State_Quality_Summary!L5,State_Quality_Summary!N5)>0, State_Quality_Summary!L5/SUM(State_Quality_Summary!L5,State_Quality_Summary!N5), 1) -> 0.9975 | K5: 0 | L5: =IF(SUM(State_Quality_Summary!L5,State_Quality_Summary!N5)>0, State_Quality_Summary!N5/SUM(State_Quality_Summary!L5,State_Quality_Summary!N5), 0) -> 0.0025 | M5: 0 | N5: =IF(L5>0.05,"Poor Quality",IF(L5>0.01,"Moderately Safe","Excellent")) -> Excellent
A6: 2021 | B6: Andhra Pradesh | C6: South | D6: 115 | E6: - | F6: 4 | G6: - | H6: 115 | I6: 107 | J6: =IF(SUM(State_Quality_Summary!L6,State_Quality_Summary!N6)>0, State_Quality_Summary!L6/SUM(State_Quality_Summary!L6,State_Quality_Summary!N6), 1) -> 1 | K6: 0 | L6: =IF(SUM(State_Quality_Summary!L6,State_Quality_Summary!N6)>0, State_Quality_Summary!N6/SUM(State_Quality_Summary!L6,State_Quality_Summary!N6), 0) -> 0 | M6: 0 | N6: =IF(L6>0.05,"Poor Quality",IF(L6>0.01,"Moderately Safe","Excellent")) -> Excellent
A7: 2021 | B7: Arunachal Pradesh | C7: North East | D7: - | E7: - | F7: - | G7: - | H7: - | I7: 30 | J7: =IF(SUM(State_Quality_Summary!L7,State_Quality_Summary!N7)>0, State_Quality_Summary!L7/SUM(State_Quality_Summary!L7,State_Quality_Summary!N7), 1) -> 1 | K7: 0 | L7: =IF(SUM(State_Quality_Summary!L7,State_Quality_Summary!N7)>0, State_Quality_Summary!N7/SUM(State_Quality_Summary!L7,State_Quality_Summary!N7), 0) -> 0 | M7: 0 | N7: =IF(L7>0.05,"Poor Quality",IF(L7>0.01,"Moderately Safe","Excellent")) -> Excellent
A8: 2021 | B8: Assam | C8: North East | D8: - | E8: - | F8: - | G8: - | H8: - | I8: 69 | J8: =IF(SUM(State_Quality_Summary!L8,State_Quality_Summary!N8)>0, State_Quality_Summary!L8/SUM(State_Quality_Summary!L8,State_Quality_Summary!N8), 1) -> 0.99219991 | K8: 0 | L8: =IF(SUM(State_Quality_Summary!L8,State_Quality_Summary!N8)>0, State_Quality_Summary!N8/SUM(State_Quality_Summary!L8,State_Quality_Summary!N8), 0) -> 0.0078000901 | M8: 0 | N8: =IF(L8>0.05,"Poor Quality",IF(L8>0.01,"Moderately Safe","Excellent")) -> Excellent
A9: 2021 | B9: Bihar | C9: East | D9: - | E9: - | F9: - | G9: - | H9: - | I9: 97 | J9: =IF(SUM(State_Quality_Summary!L9,State_Quality_Summary!N9)>0, State_Quality_Summary!L9/SUM(State_Quality_Summary!L9,State_Quality_Summary!N9), 1) -> 0.9998 | K9: 0 | L9: =IF(SUM(State_Quality_Summary!L9,State_Quality_Summary!N9)>0, State_Quality_Summary!N9/SUM(State_Quality_Summary!L9,State_Quality_Summary!N9), 0) -> 0.0002 | M9: 0 | N9: =IF(L9>0.05,"Poor Quality",IF(L9>0.01,"Moderately Safe","Excellent")) -> Excellent
A10: 2021 | B10: Chhattisgarh | C10: Central | D10: - | E10: - | F10: - | G10: - | H10: - | I10: 65 | J10: =IF(SUM(State_Quality_Summary!L10,State_Quality_Summary!N10)>0, State_Quality_Summary!L10/SUM(State_Quality_Summary!L10,State_Quality_Summary!N10), 1) -> 0.9991 | K10: 0 | L10: =IF(SUM(State_Quality_Summary!L10,State_Quality_Summary!N10)>0, State_Quality_Summary!N10/SUM(State_Quality_Summary!L10,State_Quality_Summary!N10), 0) -> 0.00090000474 | M10: 0 | N10: =IF(L10>0.05,"Poor Quality",IF(L10>0.01,"Moderately Safe","Excellent")) -> Excellent
A11: 2021 | B11: Dadra & Nagar Haveli And Daman & Diu | C11: UT | D11: - | E11: - | F11: - | G11: - | H11: - | I11: 2 | J11: =IF(SUM(State_Quality_Summary!L11,State_Quality_Summary!N11)>0, State_Quality_Summary!L11/SUM(State_Quality_Summary!L11,State_Quality_Summary!N11), 1) -> 1 | K11: 0 | L11: =IF(SUM(State_Quality_Summary!L11,State_Quality_Summary!N11)>0, State_Quality_Summary!N11/SUM(State_Quality_Summary!L11,State_Quality_Summary!N11), 0) -> 0 | M11: 0 | N11: =IF(L11>0.05,"Poor Quality",IF(L11>0.01,"Moderately Safe","Excellent")) -> Excellent
A12: 2021 | B12: Goa | C12: West | D12: 3 | E12: - | F12: - | G12: - | H12: 3 | I12: 19 | J12: =IF(SUM(State_Quality_Summary!L12,State_Quality_Summary!N12)>0, State_Quality_Summary!L12/SUM(State_Quality_Summary!L12,State_Quality_Summary!N12), 1) -> 0.99360341 | K12: 0 | L12: =IF(SUM(State_Quality_Summary!L12,State_Quality_Summary!N12)>0, State_Quality_Summary!N12/SUM(State_Quality_Summary!L12,State_Quality_Summary!N12), 0) -> 0.0063965885 | M12: 0 | N12: =IF(L12>0.05,"Poor Quality",IF(L12>0.01,"Moderately Safe","Excellent")) -> Excellent
A13: 2021 | B13: Gujarat | C13: West | D13: - | E13: - | F13: - | G13: - | H13: - | I13: 333 | J13: =IF(SUM(State_Quality_Summary!L13,State_Quality_Summary!N13)>0, State_Quality_Summary!L13/SUM(State_Quality_Summary!L13,State_Quality_Summary!N13), 1) -> 0.99659998 | K13: 0 | L13: =IF(SUM(State_Quality_Summary!L13,State_Quality_Summary!N13)>0, State_Quality_Summary!N13/SUM(State_Quality_Summary!L13,State_Quality_Summary!N13), 0) -> 0.0034000197 | M13: 0 | N13: =IF(L13>0.05,"Poor Quality",IF(L13>0.01,"Moderately Safe","Excellent")) -> Excellent
A14: 2021 | B14: Haryana | C14: North | D14: 40822 | E14: 40822 | F14: 1 | G14: - | H14: - | I14: 36 | J14: =IF(SUM(State_Quality_Summary!L14,State_Quality_Summary!N14)>0, State_Quality_Summary!L14/SUM(State_Quality_Summary!L14,State_Quality_Summary!N14), 1) -> 0.90079888 | K14: 0 | L14: =IF(SUM(State_Quality_Summary!L14,State_Quality_Summary!N14)>0, State_Quality_Summary!N14/SUM(State_Quality_Summary!L14,State_Quality_Summary!N14), 0) -> 0.099201117 | M14: 0 | N14: =IF(L14>0.05,"Poor Quality",IF(L14>0.01,"Moderately Safe","Excellent")) -> Poor Quality
A15: 2021 | B15: Himachal Pradesh | C15: North | D15: - | E15: - | F15: - | G15: - | H15: - | I15: 67 | J15: =IF(SUM(State_Quality_Summary!L15,State_Quality_Summary!N15)>0, State_Quality_Summary!L15/SUM(State_Quality_Summary!L15,State_Quality_Summary!N15), 1) -> 1 | K15: 0 | L15: =IF(SUM(State_Quality_Summary!L15,State_Quality_Summary!N15)>0, State_Quality_Summary!N15/SUM(State_Quality_Summary!L15,State_Quality_Summary!N15), 0) -> 0 | M15: 0 | N15: =IF(L15>0.05,"Poor Quality",IF(L15>0.01,"Moderately Safe","Excellent")) -> Excellent
A16: 2021 | B16: Jammu & Kashmir | C16: North | D16: - | E16: - | F16: - | G16: - | H16: - | I16: 80 | J16: =IF(SUM(State_Quality_Summary!L16,State_Quality_Summary!N16)>0, State_Quality_Summary!L16/SUM(State_Quality_Summary!L16,State_Quality_Summary!N16), 1) -> 0.9993 | K16: 0 | L16: =IF(SUM(State_Quality_Summary!L16,State_Quality_Summary!N16)>0, State_Quality_Summary!N16/SUM(State_Quality_Summary!L16,State_Quality_Summary!N16), 0) -> 0.00070000264 | M16: 0 | N16: =IF(L16>0.05,"Poor Quality",IF(L16>0.01,"Moderately Safe","Excellent")) -> Excellent
A17: 2021 | B17: Jharkhand | C17: East | D17: - | E17: - | F17: - | G17: - | H17: - | I17: 31 | J17: =IF(SUM(State_Quality_Summary!L17,State_Quality_Summary!N17)>0, State_Quality_Summary!L17/SUM(State_Quality_Summary!L17,State_Quality_Summary!N17), 1) -> 0.9998 | K17: 0 | L17: =IF(SUM(State_Quality_Summary!L17,State_Quality_Summary!N17)>0, State_Quality_Summary!N17/SUM(State_Quality_Summary!L17,State_Quality_Summary!N17), 0) -> 0.0002 | M17: 0 | N17: =IF(L17>0.05,"Poor Quality",IF(L17>0.01,"Moderately Safe","Excellent")) -> Excellent
A18: 2021 | B18: Karnataka | C18: South | D18: 11 | E18: - | F18: 1 | G18: - | H18: 11 | I18: 83 | J18: =IF(SUM(State_Quality_Summary!L18,State_Quality_Summary!N18)>0, State_Quality_Summary!L18/SUM(State_Quality_Summary!L18,State_Quality_Summary!N18), 1) -> 0.95510001 | K18: 0 | L18: =IF(SUM(State_Quality_Summary!L18,State_Quality_Summary!N18)>0, State_Quality_Summary!N18/SUM(State_Quality_Summary!L18,State_Quality_Summary!N18), 0) -> 0.044899992 | M18: 0 | N18: =IF(L18>0.05,"Poor Quality",IF(L18>0.01,"Moderately Safe","Excellent")) -> Moderately Safe
A19: 2021 | B19: Kerala | C19: South | D19: - | E19: - | F19: - | G19: - | H19: - | I19: 79 | J19: =IF(SUM(State_Quality_Summary!L19,State_Quality_Summary!N19)>0, State_Quality_Summary!L19/SUM(State_Quality_Summary!L19,State_Quality_Summary!N19), 1) -> 0.91419966 | K19: 0 | L19: =IF(SUM(State_Quality_Summary!L19,State_Quality_Summary!N19)>0, State_Quality_Summary!N19/SUM(State_Quality_Summary!L19,State_Quality_Summary!N19), 0) -> 0.085800343 | M19: 0 | N19: =IF(L19>0.05,"Poor Quality",IF(L19>0.01,"Moderately Safe","Excellent")) -> Poor Quality
A20: 2021 | B20: Ladakh | C20: UT | D20: - | E20: - | F20: - | G20: - | H20: - | I20: 7 | J20: =IF(SUM(State_Quality_Summary!L20,State_Quality_Summary!N20)>0, State_Quality_Summary!L20/SUM(State_Quality_Summary!L20,State_Quality_Summary!N20), 1) -> 0.97690531 | K20: 0 | L20: =IF(SUM(State_Quality_Summary!L20,State_Quality_Summary!N20)>0, State_Quality_Summary!N20/SUM(State_Quality_Summary!L20,State_Quality_Summary!N20), 0) -> 0.023094688 | M20: 0 | N20: =IF(L20>0.05,"Poor Quality",IF(L20>0.01,"Moderately Safe","Excellent")) -> Moderately Safe
A21: 2021 | B21: Lakshadweep | C21: UT | D21: - | E21: - | F21: - | G21: - | H21: - | I21: 7 | J21: =IF(SUM(State_Quality_Summary!L21,State_Quality_Summary!N21)>0, State_Quality_Summary!L21/SUM(State_Quality_Summary!L21,State_Quality_Summary!N21), 1) -> 0.9992 | K21: 0 | L21: =IF(SUM(State_Quality_Summary!L21,State_Quality_Summary!N21)>0, State_Quality_Summary!N21/SUM(State_Quality_Summary!L21,State_Quality_Summary!N21), 0) -> 0.0008 | M21: 0 | N21: =IF(L21>0.05,"Poor Quality",IF(L21>0.01,"Moderately Safe","Excellent")) -> Excellent
A22: 2021 | B22: Madhya Pradesh | C22: Central | D22: - | E22: - | F22: - | G22: - | H22: - | I22: 147 | J22: =IF(SUM(State_Quality_Summary!L22,State_Quality_Summary!N22)>0, State_Quality_Summary!L22/SUM(State_Quality_Summary!L22,State_Quality_Summary!N22), 1) -> 0.9997 | K22: 0 | L22: =IF(SUM(State_Quality_Summary!L22,State_Quality_Summary!N22)>0, State_Quality_Summary!N22/SUM(State_Quality_Summary!L22,State_Quality_Summary!N22), 0) -> 0.00029999927 | M22: 0 | N22: =IF(L22>0.05,"Poor Quality",IF(L22>0.01,"Moderately Safe","Excellent")) -> Excellent
A23: 2021 | B23: Maharashtra | C23: West | D23: 30 | E23: - | F23: 1 | G23: - | H23: 30 | I23: 181 | J23: =IF(SUM(State_Quality_Summary!L23,State_Quality_Summary!N23)>0, State_Quality_Summary!L23/SUM(State_Quality_Summary!L23,State_Quality_Summary!N23), 1) -> 0.95240017 | K23: 0 | L23: =IF(SUM(State_Quality_Summary!L23,State_Quality_Summary!N23)>0, State_Quality_Summary!N23/SUM(State_Quality_Summary!L23,State_Quality_Summary!N23), 0) -> 0.047599833 | M23: 0 | N23: =IF(L23>0.05,"Poor Quality",IF(L23>0.01,"Moderately Safe","Excellent")) -> Moderately Safe
A24: 2021 | B24: Manipur | C24: North East | D24: - | E24: - | F24: - | G24: - | H24: - | I24: 11 | J24: =IF(SUM(State_Quality_Summary!L24,State_Quality_Summary!N24)>0, State_Quality_Summary!L24/SUM(State_Quality_Summary!L24,State_Quality_Summary!N24), 1) -> 1 | K24: 0 | L24: =IF(SUM(State_Quality_Summary!L24,State_Quality_Summary!N24)>0, State_Quality_Summary!N24/SUM(State_Quality_Summary!L24,State_Quality_Summary!N24), 0) -> 0 | M24: 0 | N24: =IF(L24>0.05,"Poor Quality",IF(L24>0.01,"Moderately Safe","Excellent")) -> Excellent
A25: 2021 | B25: Meghalaya | C25: North East | D25: - | E25: - | F25: - | G25: - | H25: - | I25: 24 | J25: =IF(SUM(State_Quality_Summary!L25,State_Quality_Summary!N25)>0, State_Quality_Summary!L25/SUM(State_Quality_Summary!L25,State_Quality_Summary!N25), 1) -> 0.995 | K25: 0 | L25: =IF(SUM(State_Quality_Summary!L25,State_Quality_Summary!N25)>0, State_Quality_Summary!N25/SUM(State_Quality_Summary!L25,State_Quality_Summary!N25), 0) -> 0.005 | M25: 0 | N25: =IF(L25>0.05,"Poor Quality",IF(L25>0.01,"Moderately Safe","Excellent")) -> Excellent
A26: 2021 | B26: Mizoram | C26: North East | D26: - | E26: - | F26: - | G26: - | H26: - | I26: 22 | J26: =IF(SUM(State_Quality_Summary!L26,State_Quality_Summary!N26)>0, State_Quality_Summary!L26/SUM(State_Quality_Summary!L26,State_Quality_Summary!N26), 1) -> 0.94758339 | K26: 0 | L26: =IF(SUM(State_Quality_Summary!L26,State_Quality_Summary!N26)>0, State_Quality_Summary!N26/SUM(State_Quality_Summary!L26,State_Quality_Summary!N26), 0) -> 0.05241661 | M26: 0 | N26: =IF(L26>0.05,"Poor Quality",IF(L26>0.01,"Moderately Safe","Excellent")) -> Poor Quality
A27: 2021 | B27: Nagaland | C27: North East | D27: - | E27: - | F27: - | G27: - | H27: - | I27: 10 | J27: =IF(SUM(State_Quality_Summary!L27,State_Quality_Summary!N27)>0, State_Quality_Summary!L27/SUM(State_Quality_Summary!L27,State_Quality_Summary!N27), 1) -> 1 | K27: 0 | L27: =IF(SUM(State_Quality_Summary!L27,State_Quality_Summary!N27)>0, State_Quality_Summary!N27/SUM(State_Quality_Summary!L27,State_Quality_Summary!N27), 0) -> 0 | M27: 0 | N27: =IF(L27>0.05,"Poor Quality",IF(L27>0.01,"Moderately Safe","Excellent")) -> Excellent
A28: 2021 | B28: Odisha | C28: East | D28: 1357 | E28: - | F28: 268 | G28: - | H28: 3 | I28: 124 | J28: =IF(SUM(State_Quality_Summary!L28,State_Quality_Summary!N28)>0, State_Quality_Summary!L28/SUM(State_Quality_Summary!L28,State_Quality_Summary!N28), 1) -> 0.99009997 | K28: 0 | L28: =IF(SUM(State_Quality_Summary!L28,State_Quality_Summary!N28)>0, State_Quality_Summary!N28/SUM(State_Quality_Summary!L28,State_Quality_Summary!N28), 0) -> 0.0099000338 | M28: 0 | N28: =IF(L28>0.05,"Poor Quality",IF(L28>0.01,"Moderately Safe","Excellent")) -> Excellent
A29: 2021 | B29: Puducherry | C29: UT | D29: - | E29: - | F29: - | G29: - | H29: - | I29: 2 | J29: =IF(SUM(State_Quality_Summary!L29,State_Quality_Summary!N29)>0, State_Quality_Summary!L29/SUM(State_Quality_Summary!L29,State_Quality_Summary!N29), 1) -> 1 | K29: 0 | L29: =IF(SUM(State_Quality_Summary!L29,State_Quality_Summary!N29)>0, State_Quality_Summary!N29/SUM(State_Quality_Summary!L29,State_Quality_Summary!N29), 0) -> 0 | M29: 0 | N29: =IF(L29>0.05,"Poor Quality",IF(L29>0.01,"Moderately Safe","Excellent")) -> Excellent
A30: 2021 | B30: Punjab | C30: North | D30: - | E30: - | F30: - | G30: - | H30: - | I30: 27 | J30: =IF(SUM(State_Quality_Summary!L30,State_Quality_Summary!N30)>0, State_Quality_Summary!L30/SUM(State_Quality_Summary!L30,State_Quality_Summary!N30), 1) -> 0.98790023 | K30: 0 | L30: =IF(SUM(State_Quality_Summary!L30,State_Quality_Summary!N30)>0, State_Quality_Summary!N30/SUM(State_Quality_Summary!L30,State_Quality_Summary!N30), 0) -> 0.012099766 | M30: 0 | N30: =IF(L30>0.05,"Poor Quality",IF(L30>0.01,"Moderately Safe","Excellent")) -> Moderately Safe
A31: 2021 | B31: Rajasthan | C31: West | D31: - | E31: - | F31: - | G31: - | H31: - | I31: 64 | J31: =IF(SUM(State_Quality_Summary!L31,State_Quality_Summary!N31)>0, State_Quality_Summary!L31/SUM(State_Quality_Summary!L31,State_Quality_Summary!N31), 1) -> 0.88829344 | K31: 0 | L31: =IF(SUM(State_Quality_Summary!L31,State_Quality_Summary!N31)>0, State_Quality_Summary!N31/SUM(State_Quality_Summary!L31,State_Quality_Summary!N31), 0) -> 0.11170656 | M31: 0 | N31: =IF(L31>0.05,"Poor Quality",IF(L31>0.01,"Moderately Safe","Excellent")) -> Poor Quality
A32: 2021 | B32: Sikkim | C32: North East | D32: - | E32: - | F32: - | G32: - | H32: - | I32: 2 | J32: =IF(SUM(State_Quality_Summary!L32,State_Quality_Summary!N32)>0, State_Quality_Summary!L32/SUM(State_Quality_Summary!L32,State_Quality_Summary!N32), 1) -> 0.5 | K32: 0 | L32: =IF(SUM(State_Quality_Summary!L32,State_Quality_Summary!N32)>0, State_Quality_Summary!N32/SUM(State_Quality_Summary!L32,State_Quality_Summary!N32), 0) -> 0.5 | M32: 0 | N32: =IF(L32>0.05,"Poor Quality",IF(L32>0.01,"Moderately Safe","Excellent")) -> Poor Quality
A33: 2021 | B33: Tamil Nadu | C33: South | D33: - | E33: - | F33: - | G33: - | H33: - | I33: 90 | J33: =IF(SUM(State_Quality_Summary!L33,State_Quality_Summary!N33)>0, State_Quality_Summary!L33/SUM(State_Quality_Summary!L33,State_Quality_Summary!N33), 1) -> 0.9998 | K33: 0 | L33: =IF(SUM(State_Quality_Summary!L33,State_Quality_Summary!N33)>0, State_Quality_Summary!N33/SUM(State_Quality_Summary!L33,State_Quality_Summary!N33), 0) -> 0.0002 | M33: 0 | N33: =IF(L33>0.05,"Poor Quality",IF(L33>0.01,"Moderately Safe","Excellent")) -> Excellent
A34: 2021 | B34: Telangana | C34: South | D34: - | E34: - | F34: - | G34: - | H34: - | I34: 95 | J34: =IF(SUM(State_Quality_Summary!L34,State_Quality_Summary!N34)>0, State_Quality_Summary!L34/SUM(State_Quality_Summary!L34,State_Quality_Summary!N34), 1) -> 1 | K34: 0 | L34: =IF(SUM(State_Quality_Summary!L34,State_Quality_Summary!N34)>0, State_Quality_Summary!N34/SUM(State_Quality_Summary!L34,State_Quality_Summary!N34), 0) -> 0 | M34: 0 | N34: =IF(L34>0.05,"Poor Quality",IF(L34>0.01,"Moderately Safe","Excellent")) -> Excellent
A35: 2021 | B35: Tripura | C35: North East | D35: - | E35: - | F35: - | G35: - | H35: - | I35: 17 | J35: =IF(SUM(State_Quality_Summary!L35,State_Quality_Summary!N35)>0, State_Quality_Summary!L35/SUM(State_Quality_Summary!L35,State_Quality_Summary!N35), 1) -> 0.99889998 | K35: 0 | L35: =IF(SUM(State_Quality_Summary!L35,State_Quality_Summary!N35)>0, State_Quality_Summary!N35/SUM(State_Quality_Summary!L35,State_Quality_Summary!N35), 0) -> 0.0011000236 | M35: 0 | N35: =IF(L35>0.05,"Poor Quality",IF(L35>0.01,"Moderately Safe","Excellent")) -> Excellent
A36: 2021 | B36: Uttar Pradesh | C36: North | D36: 22 | E36: - | F36: 8 | G36: - | H36: 14 | I36: 113 | J36: =IF(SUM(State_Quality_Summary!L36,State_Quality_Summary!N36)>0, State_Quality_Summary!L36/SUM(State_Quality_Summary!L36,State_Quality_Summary!N36), 1) -> 0.99169997 | K36: 0 | L36: =IF(SUM(State_Quality_Summary!L36,State_Quality_Summary!N36)>0, State_Quality_Summary!N36/SUM(State_Quality_Summary!L36,State_Quality_Summary!N36), 0) -> 0.0083000276 | M36: 0 | N36: =IF(L36>0.05,"Poor Quality",IF(L36>0.01,"Moderately Safe","Excellent")) -> Excellent
A37: 2021 | B37: Uttarakhand | C37: North | D37: - | E37: - | F37: - | G37: - | H37: - | I37: 23 | J37: =IF(SUM(State_Quality_Summary!L37,State_Quality_Summary!N37)>0, State_Quality_Summary!L37/SUM(State_Quality_Summary!L37,State_Quality_Summary!N37), 1) -> 0.98879995 | K37: 0 | L37: =IF(SUM(State_Quality_Summary!L37,State_Quality_Summary!N37)>0, State_Quality_Summary!N37/SUM(State_Quality_Summary!L37,State_Quality_Summary!N37), 0) -> 0.011200051 | M37: 0 | N37: =IF(L37>0.05,"Poor Quality",IF(L37>0.01,"Moderately Safe","Excellent")) -> Moderately Safe
A38: 2021 | B38: West Bengal | C38: East | D38: - | E38: - | F38: - | G38: - | H38: - | I38: 199 | J38: =IF(SUM(State_Quality_Summary!L38,State_Quality_Summary!N38)>0, State_Quality_Summary!L38/SUM(State_Quality_Summary!L38,State_Quality_Summary!N38), 1) -> 0.77949797 | K38: 0 | L38: =IF(SUM(State_Quality_Summary!L38,State_Quality_Summary!N38)>0, State_Quality_Summary!N38/SUM(State_Quality_Summary!L38,State_Quality_Summary!N38), 0) -> 0.22050203 | M38: 0 | N38: =IF(L38>0.05,"Poor Quality",IF(L38>0.01,"Moderately Safe","Excellent")) -> Poor Quality
A39: 2022 | B39: Andaman & Nicobar Islands | C39: UT | D39: - | E39: - | F39: - | G39: - | H39: - | I39: 9 | J39: =IF(SUM(State_Quality_Summary!L39,State_Quality_Summary!N39)>0, State_Quality_Summary!L39/SUM(State_Quality_Summary!L39,State_Quality_Summary!N39), 1) -> 0.9975 | K39: 0 | L39: =IF(SUM(State_Quality_Summary!L39,State_Quality_Summary!N39)>0, State_Quality_Summary!N39/SUM(State_Quality_Summary!L39,State_Quality_Summary!N39), 0) -> 0.0025 | M39: 0 | N39: =IF(L39>0.05,"Poor Quality",IF(L39>0.01,"Moderately Safe","Excellent")) -> Excellent
A40: 2022 | B40: Andhra Pradesh | C40: South | D40: 115 | E40: - | F40: 4 | G40: - | H40: 115 | I40: 120 | J40: =IF(SUM(State_Quality_Summary!L40,State_Quality_Summary!N40)>0, State_Quality_Summary!L40/SUM(State_Quality_Summary!L40,State_Quality_Summary!N40), 1) -> 1 | K40: 0 | L40: =IF(SUM(State_Quality_Summary!L40,State_Quality_Summary!N40)>0, State_Quality_Summary!N40/SUM(State_Quality_Summary!L40,State_Quality_Summary!N40), 0) -> 0 | M40: 0 | N40: =IF(L40>0.05,"Poor Quality",IF(L40>0.01,"Moderately Safe","Excellent")) -> Excellent
A41: 2022 | B41: Arunachal Pradesh | C41: North East | D41: - | E41: - | F41: - | G41: - | H41: - | I41: 33 | J41: =IF(SUM(State_Quality_Summary!L41,State_Quality_Summary!N41)>0, State_Quality_Summary!L41/SUM(State_Quality_Summary!L41,State_Quality_Summary!N41), 1) -> 1 | K41: 0 | L41: =IF(SUM(State_Quality_Summary!L41,State_Quality_Summary!N41)>0, State_Quality_Summary!N41/SUM(State_Quality_Summary!L41,State_Quality_Summary!N41), 0) -> 0 | M41: 0 | N41: =IF(L41>0.05,"Poor Quality",IF(L41>0.01,"Moderately Safe","Excellent")) -> Excellent
A42: 2022 | B42: Assam | C42: North East | D42: - | E42: - | F42: - | G42: - | H42: - | I42: 71 | J42: =IF(SUM(State_Quality_Summary!L42,State_Quality_Summary!N42)>0, State_Quality_Summary!L42/SUM(State_Quality_Summary!L42,State_Quality_Summary!N42), 1) -> 0.9906 | K42: 0 | L42: =IF(SUM(State_Quality_Summary!L42,State_Quality_Summary!N42)>0, State_Quality_Summary!N42/SUM(State_Quality_Summary!L42,State_Quality_Summary!N42), 0) -> 0.0094 | M42: 0 | N42: =IF(L42>0.05,"Poor Quality",IF(L42>0.01,"Moderately Safe","Excellent")) -> Excellent
A43: 2022 | B43: Bihar | C43: East | D43: - | E43: - | F43: - | G43: - | H43: - | I43: 103 | J43: =IF(SUM(State_Quality_Summary!L43,State_Quality_Summary!N43)>0, State_Quality_Summary!L43/SUM(State_Quality_Summary!L43,State_Quality_Summary!N43), 1) -> 0.9998 | K43: 0 | L43: =IF(SUM(State_Quality_Summary!L43,State_Quality_Summary!N43)>0, State_Quality_Summary!N43/SUM(State_Quality_Summary!L43,State_Quality_Summary!N43), 0) -> 0.0002 | M43: 0 | N43: =IF(L43>0.05,"Poor Quality",IF(L43>0.01,"Moderately Safe","Excellent")) -> Excellent
A44: 2022 | B44: Chhattisgarh | C44: Central | D44: - | E44: - | F44: - | G44: - | H44: - | I44: 66 | J44: =IF(SUM(State_Quality_Summary!L44,State_Quality_Summary!N44)>0, State_Quality_Summary!L44/SUM(State_Quality_Summary!L44,State_Quality_Summary!N44), 1) -> 0.99930001 | K44: 0 | L44: =IF(SUM(State_Quality_Summary!L44,State_Quality_Summary!N44)>0, State_Quality_Summary!N44/SUM(State_Quality_Summary!L44,State_Quality_Summary!N44), 0) -> 0.00069999045 | M44: 0 | N44: =IF(L44>0.05,"Poor Quality",IF(L44>0.01,"Moderately Safe","Excellent")) -> Excellent
A45: 2022 | B45: Dadra & Nagar Haveli And Daman & Diu | C45: UT | D45: - | E45: - | F45: - | G45: - | H45: - | I45: 2 | J45: =IF(SUM(State_Quality_Summary!L45,State_Quality_Summary!N45)>0, State_Quality_Summary!L45/SUM(State_Quality_Summary!L45,State_Quality_Summary!N45), 1) -> 1 | K45: 0 | L45: =IF(SUM(State_Quality_Summary!L45,State_Quality_Summary!N45)>0, State_Quality_Summary!N45/SUM(State_Quality_Summary!L45,State_Quality_Summary!N45), 0) -> 0 | M45: 0 | N45: =IF(L45>0.05,"Poor Quality",IF(L45>0.01,"Moderately Safe","Excellent")) -> Excellent
A46: 2022 | B46: Goa | C46: West | D46: 3 | E46: - | F46: - | G46: - | H46: 3 | I46: 21 | J46: =IF(SUM(State_Quality_Summary!L46,State_Quality_Summary!N46)>0, State_Quality_Summary!L46/SUM(State_Quality_Summary!L46,State_Quality_Summary!N46), 1) -> 0.99379845 | K46: 0 | L46: =IF(SUM(State_Quality_Summary!L46,State_Quality_Summary!N46)>0, State_Quality_Summary!N46/SUM(State_Quality_Summary!L46,State_Quality_Summary!N46), 0) -> 0.0062015504 | M46: 0 | N46: =IF(L46>0.05,"Poor Quality",IF(L46>0.01,"Moderately Safe","Excellent")) -> Excellent
A47: 2022 | B47: Gujarat | C47: West | D47: - | E47: - | F47: - | G47: - | H47: - | I47: 347 | J47: =IF(SUM(State_Quality_Summary!L47,State_Quality_Summary!N47)>0, State_Quality_Summary!L47/SUM(State_Quality_Summary!L47,State_Quality_Summary!N47), 1) -> 0.997 | K47: 0 | L47: =IF(SUM(State_Quality_Summary!L47,State_Quality_Summary!N47)>0, State_Quality_Summary!N47/SUM(State_Quality_Summary!L47,State_Quality_Summary!N47), 0) -> 0.003 | M47: 0 | N47: =IF(L47>0.05,"Poor Quality",IF(L47>0.01,"Moderately Safe","Excellent")) -> Excellent
A48: 2022 | B48: Haryana | C48: North | D48: 40822 | E48: 40822 | F48: 1 | G48: - | H48: - | I48: 38 | J48: =IF(SUM(State_Quality_Summary!L48,State_Quality_Summary!N48)>0, State_Quality_Summary!L48/SUM(State_Quality_Summary!L48,State_Quality_Summary!N48), 1) -> 0.90840103 | K48: 0 | L48: =IF(SUM(State_Quality_Summary!L48,State_Quality_Summary!N48)>0, State_Quality_Summary!N48/SUM(State_Quality_Summary!L48,State_Quality_Summary!N48), 0) -> 0.091598974 | M48: 0 | N48: =IF(L48>0.05,"Poor Quality",IF(L48>0.01,"Moderately Safe","Excellent")) -> Poor Quality
A49: 2022 | B49: Himachal Pradesh | C49: North | D49: - | E49: - | F49: - | G49: - | H49: - | I49: 71 | J49: =IF(SUM(State_Quality_Summary!L49,State_Quality_Summary!N49)>0, State_Quality_Summary!L49/SUM(State_Quality_Summary!L49,State_Quality_Summary!N49), 1) -> 1 | K49: 0 | L49: =IF(SUM(State_Quality_Summary!L49,State_Quality_Summary!N49)>0, State_Quality_Summary!N49/SUM(State_Quality_Summary!L49,State_Quality_Summary!N49), 0) -> 0 | M49: 0 | N49: =IF(L49>0.05,"Poor Quality",IF(L49>0.01,"Moderately Safe","Excellent")) -> Excellent
A50: 2022 | B50: Jammu & Kashmir | C50: North | D50: - | E50: - | F50: - | G50: - | H50: - | I50: 86 | J50: =IF(SUM(State_Quality_Summary!L50,State_Quality_Summary!N50)>0, State_Quality_Summary!L50/SUM(State_Quality_Summary!L50,State_Quality_Summary!N50), 1) -> 0.99909999 | K50: 0 | L50: =IF(SUM(State_Quality_Summary!L50,State_Quality_Summary!N50)>0, State_Quality_Summary!N50/SUM(State_Quality_Summary!L50,State_Quality_Summary!N50), 0) -> 0.00090000537 | M50: 0 | N50: =IF(L50>0.05,"Poor Quality",IF(L50>0.01,"Moderately Safe","Excellent")) -> Excellent
A51: 2022 | B51: Jharkhand | C51: East | D51: - | E51: - | F51: - | G51: - | H51: - | I51: 33 | J51: =IF(SUM(State_Quality_Summary!L51,State_Quality_Summary!N51)>0, State_Quality_Summary!L51/SUM(State_Quality_Summary!L51,State_Quality_Summary!N51), 1) -> 0.9998 | K51: 0 | L51: =IF(SUM(State_Quality_Summary!L51,State_Quality_Summary!N51)>0, State_Quality_Summary!N51/SUM(State_Quality_Summary!L51,State_Quality_Summary!N51), 0) -> 0.0002 | M51: 0 | N51: =IF(L51>0.05,"Poor Quality",IF(L51>0.01,"Moderately Safe","Excellent")) -> Excellent
A52: 2022 | B52: Karnataka | C52: South | D52: 11 | E52: - | F52: 1 | G52: - | H52: 11 | I52: 90 | J52: =IF(SUM(State_Quality_Summary!L52,State_Quality_Summary!N52)>0, State_Quality_Summary!L52/SUM(State_Quality_Summary!L52,State_Quality_Summary!N52), 1) -> 0.96049986 | K52: 0 | L52: =IF(SUM(State_Quality_Summary!L52,State_Quality_Summary!N52)>0, State_Quality_Summary!N52/SUM(State_Quality_Summary!L52,State_Quality_Summary!N52), 0) -> 0.039500144 | M52: 0 | N52: =IF(L52>0.05,"Poor Quality",IF(L52>0.01,"Moderately Safe","Excellent")) -> Moderately Safe
A53: 2022 | B53: Kerala | C53: South | D53: - | E53: - | F53: - | G53: - | H53: - | I53: 83 | J53: =IF(SUM(State_Quality_Summary!L53,State_Quality_Summary!N53)>0, State_Quality_Summary!L53/SUM(State_Quality_Summary!L53,State_Quality_Summary!N53), 1) -> 0.89360018 | K53: 0 | L53: =IF(SUM(State_Quality_Summary!L53,State_Quality_Summary!N53)>0, State_Quality_Summary!N53/SUM(State_Quality_Summary!L53,State_Quality_Summary!N53), 0) -> 0.10639982 | M53: 0 | N53: =IF(L53>0.05,"Poor Quality",IF(L53>0.01,"Moderately Safe","Excellent")) -> Poor Quality
A54: 2022 | B54: Ladakh | C54: UT | D54: - | E54: - | F54: - | G54: - | H54: - | I54: 8 | J54: =IF(SUM(State_Quality_Summary!L54,State_Quality_Summary!N54)>0, State_Quality_Summary!L54/SUM(State_Quality_Summary!L54,State_Quality_Summary!N54), 1) -> 0.97948718 | K54: 0 | L54: =IF(SUM(State_Quality_Summary!L54,State_Quality_Summary!N54)>0, State_Quality_Summary!N54/SUM(State_Quality_Summary!L54,State_Quality_Summary!N54), 0) -> 0.020512821 | M54: 0 | N54: =IF(L54>0.05,"Poor Quality",IF(L54>0.01,"Moderately Safe","Excellent")) -> Moderately Safe
A55: 2022 | B55: Lakshadweep | C55: UT | D55: - | E55: - | F55: - | G55: - | H55: - | I55: 8 | J55: =IF(SUM(State_Quality_Summary!L55,State_Quality_Summary!N55)>0, State_Quality_Summary!L55/SUM(State_Quality_Summary!L55,State_Quality_Summary!N55), 1) -> 0.9992 | K55: 0 | L55: =IF(SUM(State_Quality_Summary!L55,State_Quality_Summary!N55)>0, State_Quality_Summary!N55/SUM(State_Quality_Summary!L55,State_Quality_Summary!N55), 0) -> 0.0008 | M55: 0 | N55: =IF(L55>0.05,"Poor Quality",IF(L55>0.01,"Moderately Safe","Excellent")) -> Excellent
A56: 2022 | B56: Madhya Pradesh | C56: Central | D56: - | E56: - | F56: - | G56: - | H56: - | I56: 158 | J56: =IF(SUM(State_Quality_Summary!L56,State_Quality_Summary!N56)>0, State_Quality_Summary!L56/SUM(State_Quality_Summary!L56,State_Quality_Summary!N56), 1) -> 0.9997 | K56: 0 | L56: =IF(SUM(State_Quality_Summary!L56,State_Quality_Summary!N56)>0, State_Quality_Summary!N56/SUM(State_Quality_Summary!L56,State_Quality_Summary!N56), 0) -> 0.0003000007 | M56: 0 | N56: =IF(L56>0.05,"Poor Quality",IF(L56>0.01,"Moderately Safe","Excellent")) -> Excellent
A57: 2022 | B57: Maharashtra | C57: West | D57: 30 | E57: - | F57: 1 | G57: - | H57: 30 | I57: 197 | J57: =IF(SUM(State_Quality_Summary!L57,State_Quality_Summary!N57)>0, State_Quality_Summary!L57/SUM(State_Quality_Summary!L57,State_Quality_Summary!N57), 1) -> 0.96059997 | K57: 0 | L57: =IF(SUM(State_Quality_Summary!L57,State_Quality_Summary!N57)>0, State_Quality_Summary!N57/SUM(State_Quality_Summary!L57,State_Quality_Summary!N57), 0) -> 0.03940003 | M57: 0 | N57: =IF(L57>0.05,"Poor Quality",IF(L57>0.01,"Moderately Safe","Excellent")) -> Moderately Safe
A58: 2022 | B58: Manipur | C58: North East | D58: - | E58: - | F58: - | G58: - | H58: - | I58: 12 | J58: =IF(SUM(State_Quality_Summary!L58,State_Quality_Summary!N58)>0, State_Quality_Summary!L58/SUM(State_Quality_Summary!L58,State_Quality_Summary!N58), 1) -> 1 | K58: 0 | L58: =IF(SUM(State_Quality_Summary!L58,State_Quality_Summary!N58)>0, State_Quality_Summary!N58/SUM(State_Quality_Summary!L58,State_Quality_Summary!N58), 0) -> 0 | M58: 0 | N58: =IF(L58>0.05,"Poor Quality",IF(L58>0.01,"Moderately Safe","Excellent")) -> Excellent
A59: 2022 | B59: Meghalaya | C59: North East | D59: - | E59: - | F59: - | G59: - | H59: - | I59: 25 | J59: =IF(SUM(State_Quality_Summary!L59,State_Quality_Summary!N59)>0, State_Quality_Summary!L59/SUM(State_Quality_Summary!L59,State_Quality_Summary!N59), 1) -> 0.99530009 | K59: 0 | L59: =IF(SUM(State_Quality_Summary!L59,State_Quality_Summary!N59)>0, State_Quality_Summary!N59/SUM(State_Quality_Summary!L59,State_Quality_Summary!N59), 0) -> 0.0046999082 | M59: 0 | N59: =IF(L59>0.05,"Poor Quality",IF(L59>0.01,"Moderately Safe","Excellent")) -> Excellent
A60: 2022 | B60: Mizoram | C60: North East | D60: - | E60: - | F60: - | G60: - | H60: - | I60: 23 | J60: =IF(SUM(State_Quality_Summary!L60,State_Quality_Summary!N60)>0, State_Quality_Summary!L60/SUM(State_Quality_Summary!L60,State_Quality_Summary!N60), 1) -> 0.95 | K60: 0 | L60: =IF(SUM(State_Quality_Summary!L60,State_Quality_Summary!N60)>0, State_Quality_Summary!N60/SUM(State_Quality_Summary!L60,State_Quality_Summary!N60), 0) -> 0.05 | M60: 0 | N60: =IF(L60>0.05,"Poor Quality",IF(L60>0.01,"Moderately Safe","Excellent")) -> Moderately Safe
A61: 2022 | B61: Nagaland | C61: North East | D61: - | E61: - | F61: - | G61: - | H61: - | I61: 10 | J61: =IF(SUM(State_Quality_Summary!L61,State_Quality_Summary!N61)>0, State_Quality_Summary!L61/SUM(State_Quality_Summary!L61,State_Quality_Summary!N61), 1) -> 1 | K61: 0 | L61: =IF(SUM(State_Quality_Summary!L61,State_Quality_Summary!N61)>0, State_Quality_Summary!N61/SUM(State_Quality_Summary!L61,State_Quality_Summary!N61), 0) -> 0 | M61: 0 | N61: =IF(L61>0.05,"Poor Quality",IF(L61>0.01,"Moderately Safe","Excellent")) -> Excellent
A62: 2022 | B62: Odisha | C62: East | D62: 1357 | E62: - | F62: 268 | G62: - | H62: 3 | I62: 138 | J62: =IF(SUM(State_Quality_Summary!L62,State_Quality_Summary!N62)>0, State_Quality_Summary!L62/SUM(State_Quality_Summary!L62,State_Quality_Summary!N62), 1) -> 0.9904 | K62: 0 | L62: =IF(SUM(State_Quality_Summary!L62,State_Quality_Summary!N62)>0, State_Quality_Summary!N62/SUM(State_Quality_Summary!L62,State_Quality_Summary!N62), 0) -> 0.0096 | M62: 0 | N62: =IF(L62>0.05,"Poor Quality",IF(L62>0.01,"Moderately Safe","Excellent")) -> Excellent
A63: 2022 | B63: Puducherry | C63: UT | D63: - | E63: - | F63: - | G63: - | H63: - | I63: 2 | J63: =IF(SUM(State_Quality_Summary!L63,State_Quality_Summary!N63)>0, State_Quality_Summary!L63/SUM(State_Quality_Summary!L63,State_Quality_Summary!N63), 1) -> 1 | K63: 0 | L63: =IF(SUM(State_Quality_Summary!L63,State_Quality_Summary!N63)>0, State_Quality_Summary!N63/SUM(State_Quality_Summary!L63,State_Quality_Summary!N63), 0) -> 0 | M63: 0 | N63: =IF(L63>0.05,"Poor Quality",IF(L63>0.01,"Moderately Safe","Excellent")) -> Excellent
A64: 2022 | B64: Punjab | C64: North | D64: - | E64: - | F64: - | G64: - | H64: - | I64: 28 | J64: =IF(SUM(State_Quality_Summary!L64,State_Quality_Summary!N64)>0, State_Quality_Summary!L64/SUM(State_Quality_Summary!L64,State_Quality_Summary!N64), 1) -> 0.98910022 | K64: 0 | L64: =IF(SUM(State_Quality_Summary!L64,State_Quality_Summary!N64)>0, State_Quality_Summary!N64/SUM(State_Quality_Summary!L64,State_Quality_Summary!N64), 0) -> 0.010899784 | M64: 0 | N64: =IF(L64>0.05,"Poor Quality",IF(L64>0.01,"Moderately Safe","Excellent")) -> Moderately Safe
A65: 2022 | B65: Rajasthan | C65: West | D65: - | E65: - | F65: - | G65: - | H65: - | I65: 69 | J65: =IF(SUM(State_Quality_Summary!L65,State_Quality_Summary!N65)>0, State_Quality_Summary!L65/SUM(State_Quality_Summary!L65,State_Quality_Summary!N65), 1) -> 0.9039012 | K65: 0 | L65: =IF(SUM(State_Quality_Summary!L65,State_Quality_Summary!N65)>0, State_Quality_Summary!N65/SUM(State_Quality_Summary!L65,State_Quality_Summary!N65), 0) -> 0.096098798 | M65: 0 | N65: =IF(L65>0.05,"Poor Quality",IF(L65>0.01,"Moderately Safe","Excellent")) -> Poor Quality
A66: 2022 | B66: Sikkim | C66: North East | D66: - | E66: - | F66: - | G66: - | H66: - | I66: 2 | J66: =IF(SUM(State_Quality_Summary!L66,State_Quality_Summary!N66)>0, State_Quality_Summary!L66/SUM(State_Quality_Summary!L66,State_Quality_Summary!N66), 1) -> 0.5 | K66: 0 | L66: =IF(SUM(State_Quality_Summary!L66,State_Quality_Summary!N66)>0, State_Quality_Summary!N66/SUM(State_Quality_Summary!L66,State_Quality_Summary!N66), 0) -> 0.5 | M66: 0 | N66: =IF(L66>0.05,"Poor Quality",IF(L66>0.01,"Moderately Safe","Excellent")) -> Poor Quality
A67: 2022 | B67: Tamil Nadu | C67: South | D67: - | E67: - | F67: - | G67: - | H67: - | I67: 98 | J67: =IF(SUM(State_Quality_Summary!L67,State_Quality_Summary!N67)>0, State_Quality_Summary!L67/SUM(State_Quality_Summary!L67,State_Quality_Summary!N67), 1) -> 0.9998 | K67: 0 | L67: =IF(SUM(State_Quality_Summary!L67,State_Quality_Summary!N67)>0, State_Quality_Summary!N67/SUM(State_Quality_Summary!L67,State_Quality_Summary!N67), 0) -> 0.0002 | M67: 0 | N67: =IF(L67>0.05,"Poor Quality",IF(L67>0.01,"Moderately Safe","Excellent")) -> Excellent
A68: 2022 | B68: Telangana | C68: South | D68: - | E68: - | F68: - | G68: - | H68: - | I68: 96 | J68: =IF(SUM(State_Quality_Summary!L68,State_Quality_Summary!N68)>0, State_Quality_Summary!L68/SUM(State_Quality_Summary!L68,State_Quality_Summary!N68), 1) -> 1 | K68: 0 | L68: =IF(SUM(State_Quality_Summary!L68,State_Quality_Summary!N68)>0, State_Quality_Summary!N68/SUM(State_Quality_Summary!L68,State_Quality_Summary!N68), 0) -> 0 | M68: 0 | N68: =IF(L68>0.05,"Poor Quality",IF(L68>0.01,"Moderately Safe","Excellent")) -> Excellent
A69: 2022 | B69: Tripura | C69: North East | D69: - | E69: - | F69: - | G69: - | H69: - | I69: 17 | J69: =IF(SUM(State_Quality_Summary!L69,State_Quality_Summary!N69)>0, State_Quality_Summary!L69/SUM(State_Quality_Summary!L69,State_Quality_Summary!N69), 1) -> 0.999 | K69: 0 | L69: =IF(SUM(State_Quality_Summary!L69,State_Quality_Summary!N69)>0, State_Quality_Summary!N69/SUM(State_Quality_Summary!L69,State_Quality_Summary!N69), 0) -> 0.001 | M69: 0 | N69: =IF(L69>0.05,"Poor Quality",IF(L69>0.01,"Moderately Safe","Excellent")) -> Excellent
A70: 2022 | B70: Uttar Pradesh | C70: North | D70: 22 | E70: - | F70: 8 | G70: - | H70: 14 | I70: 120 | J70: =IF(SUM(State_Quality_Summary!L70,State_Quality_Summary!N70)>0, State_Quality_Summary!L70/SUM(State_Quality_Summary!L70,State_Quality_Summary!N70), 1) -> 0.99249998 | K70: 0 | L70: =IF(SUM(State_Quality_Summary!L70,State_Quality_Summary!N70)>0, State_Quality_Summary!N70/SUM(State_Quality_Summary!L70,State_Quality_Summary!N70), 0) -> 0.007500019 | M70: 0 | N70: =IF(L70>0.05,"Poor Quality",IF(L70>0.01,"Moderately Safe","Excellent")) -> Excellent
A71: 2022 | B71: Uttarakhand | C71: North | D71: - | E71: - | F71: - | G71: - | H71: - | I71: 24 | J71: =IF(SUM(State_Quality_Summary!L71,State_Quality_Summary!N71)>0, State_Quality_Summary!L71/SUM(State_Quality_Summary!L71,State_Quality_Summary!N71), 1) -> 0.9862999 | K71: 0 | L71: =IF(SUM(State_Quality_Summary!L71,State_Quality_Summary!N71)>0, State_Quality_Summary!N71/SUM(State_Quality_Summary!L71,State_Quality_Summary!N71), 0) -> 0.0137001 | M71: 0 | N71: =IF(L71>0.05,"Poor Quality",IF(L71>0.01,"Moderately Safe","Excellent")) -> Moderately Safe
A72: 2022 | B72: West Bengal | C72: East | D72: - | E72: - | F72: - | G72: - | H72: - | I72: 210 | J72: =IF(SUM(State_Quality_Summary!L72,State_Quality_Summary!N72)>0, State_Quality_Summary!L72/SUM(State_Quality_Summary!L72,State_Quality_Summary!N72), 1) -> 0.82150114 | K72: 0 | L72: =IF(SUM(State_Quality_Summary!L72,State_Quality_Summary!N72)>0, State_Quality_Summary!N72/SUM(State_Quality_Summary!L72,State_Quality_Summary!N72), 0) -> 0.17849886 | M72: 0 | N72: =IF(L72>0.05,"Poor Quality",IF(L72>0.01,"Moderately Safe","Excellent")) -> Poor Quality
A73: 2023 | B73: Andaman & Nicobar Islands | C73: UT | D73: - | E73: - | F73: - | G73: - | H73: - | I73: 10 | J73: =IF(SUM(State_Quality_Summary!L73,State_Quality_Summary!N73)>0, State_Quality_Summary!L73/SUM(State_Quality_Summary!L73,State_Quality_Summary!N73), 1) -> 0.99770115 | K73: 0 | L73: =IF(SUM(State_Quality_Summary!L73,State_Quality_Summary!N73)>0, State_Quality_Summary!N73/SUM(State_Quality_Summary!L73,State_Quality_Summary!N73), 0) -> 0.0022988506 | M73: 0 | N73: =IF(L73>0.05,"Poor Quality",IF(L73>0.01,"Moderately Safe","Excellent")) -> Excellent
A74: 2023 | B74: Andhra Pradesh | C74: South | D74: 115 | E74: - | F74: 4 | G74: - | H74: 115 | I74: 122 | J74: =IF(SUM(State_Quality_Summary!L74,State_Quality_Summary!N74)>0, State_Quality_Summary!L74/SUM(State_Quality_Summary!L74,State_Quality_Summary!N74), 1) -> 1 | K74: 0 | L74: =IF(SUM(State_Quality_Summary!L74,State_Quality_Summary!N74)>0, State_Quality_Summary!N74/SUM(State_Quality_Summary!L74,State_Quality_Summary!N74), 0) -> 0 | M74: 0 | N74: =IF(L74>0.05,"Poor Quality",IF(L74>0.01,"Moderately Safe","Excellent")) -> Excellent
A75: 2023 | B75: Arunachal Pradesh | C75: North East | D75: - | E75: - | F75: - | G75: - | H75: - | I75: 34 | J75: =IF(SUM(State_Quality_Summary!L75,State_Quality_Summary!N75)>0, State_Quality_Summary!L75/SUM(State_Quality_Summary!L75,State_Quality_Summary!N75), 1) -> 1 | K75: 0 | L75: =IF(SUM(State_Quality_Summary!L75,State_Quality_Summary!N75)>0, State_Quality_Summary!N75/SUM(State_Quality_Summary!L75,State_Quality_Summary!N75), 0) -> 0 | M75: 0 | N75: =IF(L75>0.05,"Poor Quality",IF(L75>0.01,"Moderately Safe","Excellent")) -> Excellent
A76: 2023 | B76: Assam | C76: North East | D76: - | E76: - | F76: - | G76: - | H76: - | I76: 79 | J76: =IF(SUM(State_Quality_Summary!L76,State_Quality_Summary!N76)>0, State_Quality_Summary!L76/SUM(State_Quality_Summary!L76,State_Quality_Summary!N76), 1) -> 0.99289995 | K76: 0 | L76: =IF(SUM(State_Quality_Summary!L76,State_Quality_Summary!N76)>0, State_Quality_Summary!N76/SUM(State_Quality_Summary!L76,State_Quality_Summary!N76), 0) -> 0.0071000474 | M76: 0 | N76: =IF(L76>0.05,"Poor Quality",IF(L76>0.01,"Moderately Safe","Excellent")) -> Excellent
A77: 2023 | B77: Bihar | C77: East | D77: - | E77: - | F77: - | G77: - | H77: - | I77: 110 | J77: =IF(SUM(State_Quality_Summary!L77,State_Quality_Summary!N77)>0, State_Quality_Summary!L77/SUM(State_Quality_Summary!L77,State_Quality_Summary!N77), 1) -> 0.9998 | K77: 0 | L77: =IF(SUM(State_Quality_Summary!L77,State_Quality_Summary!N77)>0, State_Quality_Summary!N77/SUM(State_Quality_Summary!L77,State_Quality_Summary!N77), 0) -> 0.0002 | M77: 0 | N77: =IF(L77>0.05,"Poor Quality",IF(L77>0.01,"Moderately Safe","Excellent")) -> Excellent
A78: 2023 | B78: Chhattisgarh | C78: Central | D78: - | E78: - | F78: - | G78: - | H78: - | I78: 72 | J78: =IF(SUM(State_Quality_Summary!L78,State_Quality_Summary!N78)>0, State_Quality_Summary!L78/SUM(State_Quality_Summary!L78,State_Quality_Summary!N78), 1) -> 0.9992 | K78: 0 | L78: =IF(SUM(State_Quality_Summary!L78,State_Quality_Summary!N78)>0, State_Quality_Summary!N78/SUM(State_Quality_Summary!L78,State_Quality_Summary!N78), 0) -> 0.0008 | M78: 0 | N78: =IF(L78>0.05,"Poor Quality",IF(L78>0.01,"Moderately Safe","Excellent")) -> Excellent
A79: 2023 | B79: Dadra & Nagar Haveli And Daman & Diu | C79: UT | D79: - | E79: - | F79: - | G79: - | H79: - | I79: 2 | J79: =IF(SUM(State_Quality_Summary!L79,State_Quality_Summary!N79)>0, State_Quality_Summary!L79/SUM(State_Quality_Summary!L79,State_Quality_Summary!N79), 1) -> 1 | K79: 0 | L79: =IF(SUM(State_Quality_Summary!L79,State_Quality_Summary!N79)>0, State_Quality_Summary!N79/SUM(State_Quality_Summary!L79,State_Quality_Summary!N79), 0) -> 0 | M79: 0 | N79: =IF(L79>0.05,"Poor Quality",IF(L79>0.01,"Moderately Safe","Excellent")) -> Excellent
A80: 2023 | B80: Goa | C80: West | D80: 3 | E80: - | F80: - | G80: - | H80: 3 | I80: 22 | J80: =IF(SUM(State_Quality_Summary!L80,State_Quality_Summary!N80)>0, State_Quality_Summary!L80/SUM(State_Quality_Summary!L80,State_Quality_Summary!N80), 1) -> 0.99469777 | K80: 0 | L80: =IF(SUM(State_Quality_Summary!L80,State_Quality_Summary!N80)>0, State_Quality_Summary!N80/SUM(State_Quality_Summary!L80,State_Quality_Summary!N80), 0) -> 0.0053022269 | M80: 0 | N80: =IF(L80>0.05,"Poor Quality",IF(L80>0.01,"Moderately Safe","Excellent")) -> Excellent
A81: 2023 | B81: Gujarat | C81: West | D81: - | E81: - | F81: - | G81: - | H81: - | I81: 372 | J81: =IF(SUM(State_Quality_Summary!L81,State_Quality_Summary!N81)>0, State_Quality_Summary!L81/SUM(State_Quality_Summary!L81,State_Quality_Summary!N81), 1) -> 0.9967 | K81: 0 | L81: =IF(SUM(State_Quality_Summary!L81,State_Quality_Summary!N81)>0, State_Quality_Summary!N81/SUM(State_Quality_Summary!L81,State_Quality_Summary!N81), 0) -> 0.0033000014 | M81: 0 | N81: =IF(L81>0.05,"Poor Quality",IF(L81>0.01,"Moderately Safe","Excellent")) -> Excellent
A82: 2023 | B82: Haryana | C82: North | D82: 40822 | E82: 40822 | F82: 1 | G82: - | H82: - | I82: 40 | J82: =IF(SUM(State_Quality_Summary!L82,State_Quality_Summary!N82)>0, State_Quality_Summary!L82/SUM(State_Quality_Summary!L82,State_Quality_Summary!N82), 1) -> 0.9188997 | K82: 0 | L82: =IF(SUM(State_Quality_Summary!L82,State_Quality_Summary!N82)>0, State_Quality_Summary!N82/SUM(State_Quality_Summary!L82,State_Quality_Summary!N82), 0) -> 0.081100298 | M82: 0 | N82: =IF(L82>0.05,"Poor Quality",IF(L82>0.01,"Moderately Safe","Excellent")) -> Poor Quality
A83: 2023 | B83: Himachal Pradesh | C83: North | D83: - | E83: - | F83: - | G83: - | H83: - | I83: 75 | J83: =IF(SUM(State_Quality_Summary!L83,State_Quality_Summary!N83)>0, State_Quality_Summary!L83/SUM(State_Quality_Summary!L83,State_Quality_Summary!N83), 1) -> 1 | K83: 0 | L83: =IF(SUM(State_Quality_Summary!L83,State_Quality_Summary!N83)>0, State_Quality_Summary!N83/SUM(State_Quality_Summary!L83,State_Quality_Summary!N83), 0) -> 0 | M83: 0 | N83: =IF(L83>0.05,"Poor Quality",IF(L83>0.01,"Moderately Safe","Excellent")) -> Excellent
A84: 2023 | B84: Jammu & Kashmir | C84: North | D84: - | E84: - | F84: - | G84: - | H84: - | I84: 89 | J84: =IF(SUM(State_Quality_Summary!L84,State_Quality_Summary!N84)>0, State_Quality_Summary!L84/SUM(State_Quality_Summary!L84,State_Quality_Summary!N84), 1) -> 0.9993 | K84: 0 | L84: =IF(SUM(State_Quality_Summary!L84,State_Quality_Summary!N84)>0, State_Quality_Summary!N84/SUM(State_Quality_Summary!L84,State_Quality_Summary!N84), 0) -> 0.00070000304 | M84: 0 | N84: =IF(L84>0.05,"Poor Quality",IF(L84>0.01,"Moderately Safe","Excellent")) -> Excellent
A85: 2023 | B85: Jharkhand | C85: East | D85: - | E85: - | F85: - | G85: - | H85: - | I85: 35 | J85: =IF(SUM(State_Quality_Summary!L85,State_Quality_Summary!N85)>0, State_Quality_Summary!L85/SUM(State_Quality_Summary!L85,State_Quality_Summary!N85), 1) -> 0.9998 | K85: 0 | L85: =IF(SUM(State_Quality_Summary!L85,State_Quality_Summary!N85)>0, State_Quality_Summary!N85/SUM(State_Quality_Summary!L85,State_Quality_Summary!N85), 0) -> 0.0002 | M85: 0 | N85: =IF(L85>0.05,"Poor Quality",IF(L85>0.01,"Moderately Safe","Excellent")) -> Excellent
A86: 2023 | B86: Karnataka | C86: South | D86: 11 | E86: - | F86: 1 | G86: - | H86: 11 | I86: 94 | J86: =IF(SUM(State_Quality_Summary!L86,State_Quality_Summary!N86)>0, State_Quality_Summary!L86/SUM(State_Quality_Summary!L86,State_Quality_Summary!N86), 1) -> 0.96440003 | K86: 0 | L86: =IF(SUM(State_Quality_Summary!L86,State_Quality_Summary!N86)>0, State_Quality_Summary!N86/SUM(State_Quality_Summary!L86,State_Quality_Summary!N86), 0) -> 0.035599967 | M86: 0 | N86: =IF(L86>0.05,"Poor Quality",IF(L86>0.01,"Moderately Safe","Excellent")) -> Moderately Safe
A87: 2023 | B87: Kerala | C87: South | D87: - | E87: - | F87: - | G87: - | H87: - | I87: 89 | J87: =IF(SUM(State_Quality_Summary!L87,State_Quality_Summary!N87)>0, State_Quality_Summary!L87/SUM(State_Quality_Summary!L87,State_Quality_Summary!N87), 1) -> 0.89449946 | K87: 0 | L87: =IF(SUM(State_Quality_Summary!L87,State_Quality_Summary!N87)>0, State_Quality_Summary!N87/SUM(State_Quality_Summary!L87,State_Quality_Summary!N87), 0) -> 0.10550054 | M87: 0 | N87: =IF(L87>0.05,"Poor Quality",IF(L87>0.01,"Moderately Safe","Excellent")) -> Poor Quality
A88: 2023 | B88: Ladakh | C88: UT | D88: - | E88: - | F88: - | G88: - | H88: - | I88: 8 | J88: =IF(SUM(State_Quality_Summary!L88,State_Quality_Summary!N88)>0, State_Quality_Summary!L88/SUM(State_Quality_Summary!L88,State_Quality_Summary!N88), 1) -> 0.98069498 | K88: 0 | L88: =IF(SUM(State_Quality_Summary!L88,State_Quality_Summary!N88)>0, State_Quality_Summary!N88/SUM(State_Quality_Summary!L88,State_Quality_Summary!N88), 0) -> 0.019305019 | M88: 0 | N88: =IF(L88>0.05,"Poor Quality",IF(L88>0.01,"Moderately Safe","Excellent")) -> Moderately Safe
A89: 2023 | B89: Lakshadweep | C89: UT | D89: - | E89: - | F89: - | G89: - | H89: - | I89: 8 | J89: =IF(SUM(State_Quality_Summary!L89,State_Quality_Summary!N89)>0, State_Quality_Summary!L89/SUM(State_Quality_Summary!L89,State_Quality_Summary!N89), 1) -> 0.9992 | K89: 0 | L89: =IF(SUM(State_Quality_Summary!L89,State_Quality_Summary!N89)>0, State_Quality_Summary!N89/SUM(State_Quality_Summary!L89,State_Quality_Summary!N89), 0) -> 0.0008 | M89: 0 | N89: =IF(L89>0.05,"Poor Quality",IF(L89>0.01,"Moderately Safe","Excellent")) -> Excellent
A90: 2023 | B90: Madhya Pradesh | C90: Central | D90: - | E90: - | F90: - | G90: - | H90: - | I90: 166 | J90: =IF(SUM(State_Quality_Summary!L90,State_Quality_Summary!N90)>0, State_Quality_Summary!L90/SUM(State_Quality_Summary!L90,State_Quality_Summary!N90), 1) -> 0.9997 | K90: 0 | L90: =IF(SUM(State_Quality_Summary!L90,State_Quality_Summary!N90)>0, State_Quality_Summary!N90/SUM(State_Quality_Summary!L90,State_Quality_Summary!N90), 0) -> 0.00030000055 | M90: 0 | N90: =IF(L90>0.05,"Poor Quality",IF(L90>0.01,"Moderately Safe","Excellent")) -> Excellent
A91: 2023 | B91: Maharashtra | C91: West | D91: 30 | E91: - | F91: 1 | G91: - | H91: 30 | I91: 204 | J91: =IF(SUM(State_Quality_Summary!L91,State_Quality_Summary!N91)>0, State_Quality_Summary!L91/SUM(State_Quality_Summary!L91,State_Quality_Summary!N91), 1) -> 0.95830005 | K91: 0 | L91: =IF(SUM(State_Quality_Summary!L91,State_Quality_Summary!N91)>0, State_Quality_Summary!N91/SUM(State_Quality_Summary!L91,State_Quality_Summary!N91), 0) -> 0.041699951 | M91: 0 | N91: =IF(L91>0.05,"Poor Quality",IF(L91>0.01,"Moderately Safe","Excellent")) -> Moderately Safe
A92: 2023 | B92: Manipur | C92: North East | D92: - | E92: - | F92: - | G92: - | H92: - | I92: 12 | J92: =IF(SUM(State_Quality_Summary!L92,State_Quality_Summary!N92)>0, State_Quality_Summary!L92/SUM(State_Quality_Summary!L92,State_Quality_Summary!N92), 1) -> 1 | K92: 0 | L92: =IF(SUM(State_Quality_Summary!L92,State_Quality_Summary!N92)>0, State_Quality_Summary!N92/SUM(State_Quality_Summary!L92,State_Quality_Summary!N92), 0) -> 0 | M92: 0 | N92: =IF(L92>0.05,"Poor Quality",IF(L92>0.01,"Moderately Safe","Excellent")) -> Excellent
A93: 2023 | B93: Meghalaya | C93: North East | D93: - | E93: - | F93: - | G93: - | H93: - | I93: 28 | J93: =IF(SUM(State_Quality_Summary!L93,State_Quality_Summary!N93)>0, State_Quality_Summary!L93/SUM(State_Quality_Summary!L93,State_Quality_Summary!N93), 1) -> 0.99520008 | K93: 0 | L93: =IF(SUM(State_Quality_Summary!L93,State_Quality_Summary!N93)>0, State_Quality_Summary!N93/SUM(State_Quality_Summary!L93,State_Quality_Summary!N93), 0) -> 0.0047999165 | M93: 0 | N93: =IF(L93>0.05,"Poor Quality",IF(L93>0.01,"Moderately Safe","Excellent")) -> Excellent
A94: 2023 | B94: Mizoram | C94: North East | D94: - | E94: - | F94: - | G94: - | H94: - | I94: 25 | J94: =IF(SUM(State_Quality_Summary!L94,State_Quality_Summary!N94)>0, State_Quality_Summary!L94/SUM(State_Quality_Summary!L94,State_Quality_Summary!N94), 1) -> 0.939885 | K94: 0 | L94: =IF(SUM(State_Quality_Summary!L94,State_Quality_Summary!N94)>0, State_Quality_Summary!N94/SUM(State_Quality_Summary!L94,State_Quality_Summary!N94), 0) -> 0.060115003 | M94: 0 | N94: =IF(L94>0.05,"Poor Quality",IF(L94>0.01,"Moderately Safe","Excellent")) -> Poor Quality
A95: 2023 | B95: Nagaland | C95: North East | D95: - | E95: - | F95: - | G95: - | H95: - | I95: 11 | J95: =IF(SUM(State_Quality_Summary!L95,State_Quality_Summary!N95)>0, State_Quality_Summary!L95/SUM(State_Quality_Summary!L95,State_Quality_Summary!N95), 1) -> 1 | K95: 0 | L95: =IF(SUM(State_Quality_Summary!L95,State_Quality_Summary!N95)>0, State_Quality_Summary!N95/SUM(State_Quality_Summary!L95,State_Quality_Summary!N95), 0) -> 0 | M95: 0 | N95: =IF(L95>0.05,"Poor Quality",IF(L95>0.01,"Moderately Safe","Excellent")) -> Excellent
A96: 2023 | B96: Odisha | C96: East | D96: 1357 | E96: - | F96: 268 | G96: - | H96: 3 | I96: 141 | J96: =IF(SUM(State_Quality_Summary!L96,State_Quality_Summary!N96)>0, State_Quality_Summary!L96/SUM(State_Quality_Summary!L96,State_Quality_Summary!N96), 1) -> 0.99010002 | K96: 0 | L96: =IF(SUM(State_Quality_Summary!L96,State_Quality_Summary!N96)>0, State_Quality_Summary!N96/SUM(State_Quality_Summary!L96,State_Quality_Summary!N96), 0) -> 0.0098999822 | M96: 0 | N96: =IF(L96>0.05,"Poor Quality",IF(L96>0.01,"Moderately Safe","Excellent")) -> Excellent
A97: 2023 | B97: Puducherry | C97: UT | D97: - | E97: - | F97: - | G97: - | H97: - | I97: 2 | J97: =IF(SUM(State_Quality_Summary!L97,State_Quality_Summary!N97)>0, State_Quality_Summary!L97/SUM(State_Quality_Summary!L97,State_Quality_Summary!N97), 1) -> 1 | K97: 0 | L97: =IF(SUM(State_Quality_Summary!L97,State_Quality_Summary!N97)>0, State_Quality_Summary!N97/SUM(State_Quality_Summary!L97,State_Quality_Summary!N97), 0) -> 0 | M97: 0 | N97: =IF(L97>0.05,"Poor Quality",IF(L97>0.01,"Moderately Safe","Excellent")) -> Excellent
A98: 2023 | B98: Punjab | C98: North | D98: - | E98: - | F98: - | G98: - | H98: - | I98: 30 | J98: =IF(SUM(State_Quality_Summary!L98,State_Quality_Summary!N98)>0, State_Quality_Summary!L98/SUM(State_Quality_Summary!L98,State_Quality_Summary!N98), 1) -> 0.98930006 | K98: 0 | L98: =IF(SUM(State_Quality_Summary!L98,State_Quality_Summary!N98)>0, State_Quality_Summary!N98/SUM(State_Quality_Summary!L98,State_Quality_Summary!N98), 0) -> 0.010699938 | M98: 0 | N98: =IF(L98>0.05,"Poor Quality",IF(L98>0.01,"Moderately Safe","Excellent")) -> Moderately Safe
A99: 2023 | B99: Rajasthan | C99: West | D99: - | E99: - | F99: - | G99: - | H99: - | I99: 71 | J99: =IF(SUM(State_Quality_Summary!L99,State_Quality_Summary!N99)>0, State_Quality_Summary!L99/SUM(State_Quality_Summary!L99,State_Quality_Summary!N99), 1) -> 0.88529821 | K99: 0 | L99: =IF(SUM(State_Quality_Summary!L99,State_Quality_Summary!N99)>0, State_Quality_Summary!N99/SUM(State_Quality_Summary!L99,State_Quality_Summary!N99), 0) -> 0.11470179 | M99: 0 | N99: =IF(L99>0.05,"Poor Quality",IF(L99>0.01,"Moderately Safe","Excellent")) -> Poor Quality
A100: 2023 | B100: Sikkim | C100: North East | D100: - | E100: - | F100: - | G100: - | H100: - | I100: 2 | J100: =IF(SUM(State_Quality_Summary!L100,State_Quality_Summary!N100)>0, State_Quality_Summary!L100/SUM(State_Quality_Summary!L100,State_Quality_Summary!N100), 1) -> 0.5 | K100: 0 | L100: =IF(SUM(State_Quality_Summary!L100,State_Quality_Summary!N100)>0, State_Quality_Summary!N100/SUM(State_Quality_Summary!L100,State_Quality_Summary!N100), 0) -> 0.5 | M100: 0 | N100: =IF(L100>0.05,"Poor Quality",IF(L100>0.01,"Moderately Safe","Excellent")) -> Poor Quality
A101: 2023 | B101: Tamil Nadu | C101: South | D101: - | E101: - | F101: - | G101: - | H101: - | I101: 104 | J101: =IF(SUM(State_Quality_Summary!L101,State_Quality_Summary!N101)>0, State_Quality_Summary!L101/SUM(State_Quality_Summary!L101,State_Quality_Summary!N101), 1) -> 0.9998 | K101: 0 | L101: =IF(SUM(State_Quality_Summary!L101,State_Quality_Summary!N101)>0, State_Quality_Summary!N101/SUM(State_Quality_Summary!L101,State_Quality_Summary!N101), 0) -> 0.0002 | M101: 0 | N101: =IF(L101>0.05,"Poor Quality",IF(L101>0.01,"Moderately Safe","Excellent")) -> Excellent
...

Sheet Reference_Standards
A1: Bureau of Indian Standards (BIS) Water Quality Reference Criteria
A2: Mandatory limits and thresholds for drinking water parameters checked against IS 10500:2012
A4: Parameter | B4: Unit | C4: Minimum Limit | D4: Maximum Limit | E4: Quality Category | F4: Standard/Guideline | G4: Source
A5: pH | B5: SU | C5: 6.5 | D5: 8.5 | E5: Physicochemical | F5: BIS IS 10500:2012 | G5: Bureau of Indian Standards
A6: Fluoride | B6: mg/L | C6: 0 | D6: 1.5 | E6: Chemical Contaminant | F6: BIS IS 10500:2012 Permissible Limit | G6: CGWB Report
A7: Nitrate | B7: mg/L | C7: 0 | D7: 45 | E7: Chemical Contaminant | F7: BIS IS 10500:2012 Acceptable Limit | G7: CGWB Report
A8: Iron | B8: mg/L | C8: 0 | D8: 1 | E8: Chemical Contaminant | F8: BIS IS 10500:2012 Permissible Limit | G8: CGWB Report
A9: Arsenic | B9: ppb | C9: 0 | D9: 10 | E9: Toxic Heavy Metal | F9: BIS IS 10500:2012 Safe Limit | G9: CGWB Report
A10: Uranium | B10: ppb | C10: 0 | D10: 30 | E10: Radiological/Toxic Heavy Metal | F10: BIS IS 10500:2012 Acceptable Limit | G10: CGWB Report
A11: Manganese | B11: mg/L | C11: 0 | D11: 0.3 | E11: Chemical Contaminant | F11: BIS IS 10500:2012 Permissible Limit | G11: CGWB Report
A12: Lead | B12: mg/L | C12: 0 | D12: 0.01 | E12: Toxic Heavy Metal | F12: BIS IS 10500:2012 Safe Limit | G12: CGWB Report
A13: Zinc | B13: mg/L | C13: 0 | D13: 15 | E13: Chemical Contaminant | F13: BIS IS 10500:2012 Permissible Limit | G13: CGWB Report
A14: Salinity (EC) | B14: µS/cm | C14: 0 | D14: 3000 | E14: Physicochemical Index | F14: BIS IS 10500:2012 Desirable Limit | G14: CGWB Report
A15: Dissolved Oxygen (DO) | B15: mg/L | C15: 4 | D15: - | E15: Organic Health Index | F15: CPCB Class B River Standards | G15: CPCB Guidelines
A16: Biochemical Oxygen Demand (BOD) | B16: mg/L | C16: 0 | D16: 3 | E16: Organic Pollution Index | F16: CPCB Class B River Standards | G16: CPCB Guidelines
A17: Chemical Oxygen Demand (COD) | B17: mg/L | C17: 0 | D17: 25 | E17: Organic Pollution Index | F17: BIS Effluent Discharge Standards | G17: CPCB Guidelines

Sheet Source_Metadata
A1: Water Informatics Data Source Registries and Metadata
A2: Comprehensive documentation of integrated central and state data repositories
A4: Dataset Name | B4: Source Organization | C4: Source Reference | D4: Year | E4: Geographic Level | F4: State Coverage | G4: District Coverage | H4: Data Collection Method | I4: Notes
A5: CGWB Ground Water Quality Reports | B5: Central Ground Water Board | C5: Ministry of Jal Shakti, Government of India | D5: 2024 & 2025 | E5: District-wise | F5: All India States | G5: 755 Districts | H5: Manual Well Samples (15,259 locations) | I5: Covers 9 specific chemical contaminants & heavy metals checked against BIS Limits.
A6: JJM WQMIS Drinking Water Testing | B6: Department of Drinking Water & Sanitation | C6: National Water Quality Management Info System (DDWS) | D6: 2026-2027 | E6: State-wise | F6: All India States | G6: National Level | H6: Laboratory (2,850 labs) and Field Testing Kits | I6: Includes testing status of over 2.7 million samples and 4.7 million FTK tests.
A7: APWRIMS Reservoir Storage Summary | B7: Andhra Pradesh Water Resources Department | C7: APWRIMS Dashboard, Andhra Pradesh | D7: 2025 & 2026 | E7: District-wise | F7: Andhra Pradesh | G7: All AP Districts | H7: Real-time automated level telemetries (RTDAS) | I7: Includes hourly flow calculations for Major and Medium dams in Godavari, Krishna, Pennar basins.
A8: OneMap Haryana SWIC Database | B8: Haryana Space Applications Centre (HARSAC) | C8: HARSAC & Pond Authority, Haryana | D8: 2021 & 2026 | E8: Village-wise | F8: Haryana | G8: All Haryana Districts | H8: GIS and satellite classification (Kharif, Ponds) | I8: Maps spatial layouts of 40,822 state ponds and working piezometric well levels.
A9: CPCB River Ganga Main Stem PRS | B9: Central Pollution Control Board | C9: Namami Gange Project Status / PIB Release | D9: 2018 & 2025 | E9: River Stretch | F9: 5 Ganga States | G9: State boundaries | H9: Manual Grab Samples (112 CPCB stations) | I9: Monitors BOD, COD, and DO levels on river stretches, tracking pollution reduction progress.
A10: Karnataka Water Resources System | B10: Karnataka Water Resources Department | C10: KWRIS Geoportal (ACIWRM / KSWIC) | D10: 2025 & 2026 | E10: River Basin & district | F10: Karnataka | G10: All Karnataka Districts | H10: Real-time automated telemetry and satellite tracking | I10: Integrates daily upstream Cauvery basin storages, rainfall, and soil moistures.
